"cell_id"	"var0"	"var1"	"var2"	"var3"	"var4"	"var5"	"var6"	"var7"	"var8"	"var9"	"var10"	"var11"	"var12"	"var13"	"var14"	"var15"	"var16"	"var17"	"var18"	"var19"	"var20"	"var21"	"var22"	"var23"	"var24"	"var25"	"var26"	"var27"	"var28"	"var29"	"var30"	"var31"	"var32"	"var33"	"var34"	"var35"	"var36"	"var37"	"var38"	"var39"	"var40"	"var41"	"var42"	"var43"	"var44"	"var45"	"var46"	"var47"	"var48"	"var49"
"c1"	2	1	2	1	1	0	1	0	0	0	1	0	2	0	0	1	0	0	1	1	1	1	2	0	1	2	0	0	1	0	1	1	0	1	1	1	2	0	1	1	1	1	2	1	0	1	1	1	0	1
"c2"	2	1	0	1	0	0	1	0	0	0	1	0	0	0	0	1	0	0	1	1	1	0	2	0	0	2	0	0	0	0	0	1	0	0	1	1	0	0	0	1	0	1	0	0	0	1	0	0	0	0
"c3"	2	2	0	1	0	1	0	0	0	0	1	0	0	0	0	1	0	0	1	1	0	0	2	0	0	2	0	0	0	0	0	1	0	0	1	1	0	0	0	1	0	1	0	0	0	1	0	0	0	0
"c4"	2	1	0	1	0	1	0	1	1	0	1	1	0	1	0	1	1	0	1	1	0	0	2	2	0	2	0	2	0	1	0	1	0	0	1	1	0	1	0	1	0	1	0	0	1	1	0	0	1	0
"c5"	2	1	0	1	0	1	0	1	1	0	1	1	0	1	0	1	1	0	1	1	0	0	2	1	1	2	1	2	0	1	0	1	0	0	1	1	0	1	0	1	0	1	0	0	1	1	0	0	1	0
"c6"	2	1	2	1	1	0	1	0	0	0	1	0	1	0	0	1	0	0	1	1	1	1	2	0	1	2	0	0	1	0	1	1	0	1	1	1	2	0	1	1	1	1	2	1	0	1	1	1	0	1
"c7"	2	1	1	1	1	1	1	1	0	0	1	1	1	0	0	1	0	0	1	1	1	1	2	1	1	2	0	0	1	0	1	1	0	1	1	1	1	0	1	1	1	1	1	1	1	1	1	1	0	0
"c8"	2	1	0	0	0	0	0	0	0	0	0	0	0	0	0	0	0	0	1	1	0	0	2	0	0	0	0	0	0	0	0	1	0	0	1	1	0	0	0	0	0	0	0	0	0	1	0	0	0	0
"c9"	2	1	0	0	0	0	0	0	0	0	0	0	0	0	0	0	0	0	1	1	0	0	1	0	0	0	0	0	0	0	0	1	0	0	1	1	0	0	0	0	0	0	0	0	0	1	0	0	0	0
"c10"	2	1	0	1	0	1	0	1	1	0	1	1	0	1	0	1	1	0	1	1	0	0	2	1	1	2	0	2	0	1	0	1	0	0	1	1	0	1	0	1	0	1	0	0	1	1	0	0	1	0
"c11"	2	1	0	1	0	1	0	1	1	0	1	1	0	0	0	1	0	0	1	1	0	0	2	1	1	2	0	2	0	1	0	1	0	0	1	1	0	1	0	1	0	1	0	0	1	1	0	0	1	0
"c12"	2	1	0	1	0	1	0	1	0	0	1	1	0	1	0	1	1	0	1	1	0	0	2	1	1	2	0	1	0	1	0	1	0	0	1	1	0	1	0	1	0	1	0	0	1	1	0	0	0	0
"c13"	2	1	0	1	0	0	0	0	0	1	1	0	0	0	1	1	0	1	1	1	0	0	2	0	1	2	1	0	0	0	0	1	1	0	1	1	0	0	0	1	0	1	0	0	0	1	0	0	0	0
"c14"	2	1	0	1	0	1	0	1	1	0	1	1	0	1	0	1	1	0	1	1	0	0	2	1	1	2	0	2	0	1	0	1	0	0	1	1	0	1	0	1	0	1	0	0	1	1	0	0	1	0
"c15"	2	1	0	1	0	1	0	1	1	0	1	1	0	1	0	1	1	0	1	1	0	0	2	1	1	2	0	2	0	1	0	1	0	0	1	1	0	1	0	1	0	1	0	0	1	1	0	0	1	0
"c16"	2	1	0	1	0	0	0	0	0	1	1	0	0	0	1	1	0	1	1	1	0	0	2	0	1	2	1	0	0	0	0	1	1	0	1	1	0	0	0	1	0	1	0	0	0	1	0	0	0	0
"c17"	2	1	2	1	1	0	1	0	0	0	1	0	1	0	0	1	0	0	1	1	1	1	2	0	1	2	0	0	1	0	1	1	0	1	2	1	2	0	1	1	1	1	2	1	0	1	1	1	0	1
"c18"	2	1	0	1	0	1	0	0	0	0	1	0	0	0	0	1	0	0	1	1	0	0	2	0	1	2	0	0	0	0	0	1	0	0	1	1	0	0	0	1	0	1	0	0	0	1	0	0	0	0
"c19"	2	1	0	1	0	1	0	1	1	0	1	1	0	1	0	1	1	0	1	1	0	0	2	1	1	2	0	1	0	1	0	1	0	0	1	1	0	1	0	1	0	1	0	0	1	1	0	0	1	0
"c20"	2	1	0	1	0	1	0	1	0	0	1	1	0	1	0	1	1	0	1	1	0	0	2	1	1	2	0	2	0	1	0	1	0	0	1	1	0	1	0	1	0	1	0	0	1	1	0	0	1	0
"c21"	2	1	0	1	0	1	0	1	0	0	0	1	0	0	0	0	1	0	1	1	0	0	2	1	1	2	0	0	0	0	0	1	0	0	1	1	0	0	0	1	0	1	0	0	1	1	0	0	0	0
"c22"	2	1	0	1	1	0	1	0	0	0	1	0	1	0	0	1	0	0	1	1	1	1	1	0	1	2	0	0	0	0	1	1	0	0	1	1	0	0	0	1	1	1	2	0	0	1	0	1	0	0
"c23"	2	1	0	1	0	1	0	1	1	0	1	1	0	1	0	1	1	0	1	1	0	0	2	1	1	2	0	2	0	1	0	1	0	0	1	1	0	1	0	1	0	1	0	0	1	1	0	0	1	0
"c24"	2	1	0	1	1	0	1	0	0	0	1	0	1	0	0	1	0	0	1	1	1	1	2	0	1	2	0	0	0	0	1	1	0	0	1	1	0	0	0	1	1	1	2	0	0	1	0	1	0	0
"c25"	2	1	1	1	1	1	1	1	1	0	1	1	1	1	0	1	1	0	1	1	0	1	2	1	1	2	0	1	1	1	1	1	0	1	1	1	1	1	0	1	1	1	1	1	1	1	1	1	1	1
"c26"	2	1	1	1	1	0	1	0	0	0	1	0	1	0	0	1	0	0	1	1	1	1	2	0	1	2	0	0	1	0	1	1	0	1	1	1	1	0	1	1	1	1	1	1	0	1	1	1	0	1
"c27"	2	1	0	1	1	0	1	0	0	0	1	0	1	0	0	1	0	0	1	1	1	1	2	0	1	2	0	0	0	0	1	1	0	0	2	1	0	0	0	1	1	1	2	0	0	1	0	1	0	0
"c28"	2	1	0	1	0	1	0	1	1	0	1	1	0	1	0	1	1	0	1	1	0	0	2	2	1	2	0	1	0	1	0	1	0	0	1	1	0	1	0	1	0	1	0	0	1	1	0	0	1	0
"c29"	2	1	0	1	0	1	0	1	0	0	1	1	0	0	0	1	1	0	1	1	0	0	2	1	0	2	0	0	0	0	0	1	0	0	1	1	0	0	0	1	0	1	0	0	1	1	0	0	0	0
"c30"	2	0	0	0	0	0	0	0	0	0	0	0	0	0	0	0	0	0	1	0	0	0	0	0	0	0	0	0	0	0	0	0	0	0	1	1	0	0	0	0	0	0	0	0	0	0	0	0	0	0
"c31"	2	1	0	1	1	1	1	1	0	0	1	1	1	1	0	1	1	0	1	1	1	1	2	1	1	2	0	1	0	1	0	1	0	0	1	1	0	1	0	1	1	1	1	0	1	1	0	1	0	0
"c32"	2	1	0	1	0	1	0	1	1	0	1	1	0	1	0	1	1	0	1	1	0	0	1	1	1	1	0	1	0	1	0	1	0	0	1	1	0	1	0	1	0	1	0	0	1	1	0	0	1	0
"c33"	2	1	1	1	1	1	1	0	0	0	1	1	1	1	0	1	0	0	1	1	0	1	2	1	1	2	0	1	1	1	1	1	0	1	1	1	1	1	0	1	1	1	1	1	0	1	1	1	1	1
"c34"	2	1	2	1	1	0	1	0	0	0	1	0	1	0	0	1	0	0	1	1	1	1	2	0	1	2	0	0	1	0	1	1	0	1	1	1	2	0	1	2	1	1	1	1	0	1	1	1	0	0
"c35"	2	0	0	0	0	0	0	0	0	0	0	0	0	0	0	0	0	0	1	0	0	0	0	0	0	0	0	0	0	0	0	0	0	0	1	2	0	0	0	0	0	0	0	0	0	0	0	0	0	0
"c36"	2	1	0	1	0	1	0	1	1	0	1	1	0	1	0	1	1	0	1	1	0	0	2	1	1	2	0	2	0	1	0	1	0	0	1	1	0	1	0	1	0	1	0	0	1	1	0	0	1	0
"c37"	2	1	0	1	1	0	1	0	0	0	1	0	1	0	0	1	0	0	1	1	1	1	2	0	1	2	0	0	0	0	1	1	0	0	1	1	0	0	0	1	1	1	2	0	0	1	0	1	0	0
"c38"	2	1	0	1	0	1	0	1	0	0	1	1	0	0	0	1	1	0	1	1	0	0	2	1	1	2	0	0	0	0	0	1	0	0	1	1	0	0	0	1	0	1	0	0	1	1	0	0	0	0
"c39"	2	1	0	1	0	1	0	1	1	0	1	1	0	1	0	1	0	0	1	1	0	0	2	2	1	2	0	2	0	1	0	1	0	0	1	1	0	1	0	1	0	1	0	0	1	1	0	0	1	0
"c40"	2	1	1	1	1	0	1	1	0	0	1	1	1	0	0	1	0	0	1	1	1	1	2	1	1	2	0	0	1	0	1	1	0	1	1	1	1	0	1	1	1	1	1	1	1	1	1	1	0	1
"c41"	2	1	2	1	1	0	1	0	0	0	1	0	1	0	0	1	0	0	1	1	1	1	2	0	1	2	0	0	1	0	1	1	0	1	2	1	2	0	1	1	1	1	2	1	0	1	1	1	0	1
"c42"	2	1	0	1	0	1	0	1	1	0	1	1	0	1	0	1	1	0	1	1	0	0	2	1	1	2	0	1	0	1	0	1	0	0	1	1	0	1	0	1	0	1	0	0	1	1	0	0	0	0
"c43"	2	1	0	1	0	0	0	0	0	0	1	0	0	0	0	1	0	0	1	1	0	0	2	0	1	2	0	0	0	0	0	1	0	0	1	1	0	0	0	1	0	1	0	0	0	1	0	0	0	0
"c44"	2	1	0	1	0	1	1	0	0	0	1	0	0	0	0	1	0	0	1	1	1	0	2	0	1	2	0	0	0	0	0	1	0	0	1	1	0	0	0	1	0	1	0	0	0	1	0	0	0	0
"c45"	2	1	0	1	0	1	0	1	1	0	1	1	0	1	0	1	1	0	1	1	0	0	2	2	0	2	0	2	0	1	0	1	0	0	1	1	0	1	0	1	0	1	0	0	1	1	0	0	1	0
"c46"	2	1	0	1	0	1	1	1	0	0	1	1	0	1	0	1	1	0	1	1	0	0	2	1	1	2	0	1	0	0	0	1	0	0	1	1	0	1	0	1	0	1	0	0	0	1	0	0	1	0
"c47"	2	1	0	1	0	1	0	1	0	0	1	1	0	1	0	1	1	0	1	1	0	0	2	1	1	2	0	2	0	1	0	1	0	0	1	1	0	1	0	1	0	1	0	0	1	1	0	0	1	0
"c48"	2	1	0	1	0	1	0	1	0	0	1	1	0	0	0	1	1	0	1	1	0	0	2	1	0	2	0	0	0	0	0	1	0	0	1	1	0	0	0	1	0	1	0	0	1	1	0	0	0	0
"c49"	2	1	1	1	1	1	1	1	0	0	1	1	1	0	0	2	0	0	1	1	0	1	2	1	1	2	0	0	1	0	1	1	0	1	1	1	1	0	1	1	0	1	1	1	1	1	1	1	0	1
"c50"	2	1	0	1	0	1	0	1	1	0	1	1	0	1	0	1	1	0	1	1	0	0	2	1	1	2	0	2	0	1	0	1	0	0	1	1	0	1	0	1	0	1	0	0	1	1	0	0	1	0
"c51"	2	1	0	1	0	1	0	1	1	0	1	1	0	1	0	1	1	0	1	1	0	0	2	1	1	2	0	2	0	0	0	1	0	0	1	1	0	1	0	1	0	1	0	0	1	1	0	0	1	0
"c52"	2	1	0	1	0	1	0	1	1	0	1	1	0	1	0	1	1	0	1	1	0	0	2	2	1	2	0	2	0	1	0	1	0	0	1	1	0	1	0	1	0	1	0	0	1	1	0	0	1	0
"c53"	2	1	0	1	0	1	0	1	0	0	1	1	0	1	0	1	1	0	1	1	0	0	2	1	1	2	0	1	0	1	0	1	0	0	1	1	0	1	0	1	0	1	0	0	1	1	0	0	1	0
"c54"	2	1	0	1	0	1	0	1	1	0	1	1	0	1	0	1	1	0	1	1	0	0	2	1	0	2	0	2	0	1	0	1	0	0	1	1	0	1	0	1	0	1	0	0	1	1	0	0	1	0
"c55"	2	1	1	1	1	0	1	0	0	0	0	0	1	0	0	1	0	0	1	1	1	1	1	0	1	1	0	0	1	0	1	1	0	1	2	1	1	0	1	1	1	1	1	1	0	1	0	1	0	1
"c56"	2	1	1	1	1	1	1	1	1	0	1	1	1	1	0	1	1	0	1	1	1	1	2	1	1	2	0	1	1	1	1	1	0	1	1	1	1	1	1	1	1	1	1	0	1	1	1	1	0	1
"c57"	2	1	0	1	0	0	0	0	0	0	1	0	0	0	0	1	0	0	1	1	0	0	2	0	1	2	0	0	0	0	0	1	0	0	1	1	0	0	0	1	0	1	0	0	0	1	0	0	0	0
"c58"	2	1	0	1	0	1	0	0	1	0	1	1	0	1	0	1	1	0	1	1	0	0	2	1	1	2	0	2	0	1	0	1	0	0	1	1	0	1	0	1	0	1	0	0	1	1	0	0	1	0
"c59"	2	1	0	1	0	0	0	0	0	0	1	0	0	0	0	1	0	0	1	1	0	0	2	0	1	2	0	0	0	0	0	1	0	0	1	1	0	0	0	1	0	1	0	0	0	1	0	0	0	0
"c60"	2	1	1	1	1	0	1	0	0	0	1	0	1	0	0	1	0	0	1	1	0	1	1	0	1	1	0	0	1	0	1	1	0	1	1	1	1	0	1	1	1	1	1	1	0	1	1	1	0	1
"c61"	2	1	0	1	1	0	1	0	0	0	1	0	1	0	0	1	0	0	1	1	1	1	2	0	1	2	0	0	0	0	1	1	0	0	1	1	0	0	0	2	1	1	2	0	0	1	0	1	0	0
"c62"	2	1	0	1	0	1	1	0	1	0	1	1	1	1	0	1	0	0	1	1	1	0	2	1	1	2	0	1	0	1	0	1	0	0	1	1	0	1	0	1	0	1	0	0	1	1	0	0	1	0
"c63"	2	1	0	1	0	1	0	1	1	0	1	1	0	1	0	1	1	0	1	1	0	0	2	1	1	2	0	2	0	1	0	1	0	0	1	1	0	1	0	1	0	1	0	0	1	1	0	0	1	0
"c64"	2	0	0	0	0	0	0	0	0	0	0	0	0	0	0	0	0	0	1	0	0	0	0	0	0	0	0	0	0	0	0	1	0	0	1	1	0	0	0	0	0	0	0	0	0	0	0	0	0	0
"c65"	2	1	0	1	1	0	1	0	0	0	1	0	1	0	0	1	0	0	1	1	1	1	2	0	1	2	0	0	0	0	0	1	0	0	1	1	0	0	0	1	1	1	1	0	0	1	0	1	0	0
"c66"	2	1	0	1	0	0	0	0	0	0	1	0	0	0	0	1	0	0	1	1	0	0	2	0	1	2	0	0	0	0	0	1	0	0	1	1	0	0	0	1	0	1	0	0	0	1	0	0	0	0
"c67"	2	1	0	1	0	0	1	0	0	0	1	0	0	0	0	1	0	0	1	1	1	0	2	0	1	2	0	0	0	0	0	1	0	0	1	1	0	0	0	1	0	1	0	0	0	1	0	0	0	0
"c68"	2	1	0	1	0	1	0	1	1	0	1	1	0	1	0	1	1	0	1	1	0	0	2	1	0	2	0	2	0	1	0	1	0	0	1	1	0	1	0	1	0	1	0	0	1	1	0	0	1	0
"c69"	2	1	0	1	0	1	0	0	0	0	1	0	0	0	0	1	0	0	1	1	0	0	2	0	1	2	0	0	0	0	0	1	0	0	1	1	0	0	0	1	0	1	0	0	0	1	0	0	0	0
"c70"	2	0	0	0	0	0	0	0	0	0	0	0	0	0	0	0	0	0	1	0	0	0	0	0	0	0	0	0	0	0	0	0	0	0	1	1	0	0	0	0	0	0	0	0	0	0	0	0	0	0
"c71"	2	1	0	1	0	0	0	0	0	0	0	0	0	0	0	1	0	0	1	1	0	0	2	0	1	2	0	0	0	0	0	1	0	0	1	1	0	0	0	1	0	1	0	0	0	1	0	0	0	0
"c72"	2	1	0	1	0	1	0	1	0	0	1	1	0	0	0	1	1	0	1	1	0	0	2	1	1	2	0	0	0	0	0	1	0	0	1	1	0	0	0	1	0	1	0	0	1	1	0	0	0	0
"c73"	2	1	2	1	1	0	1	0	0	0	1	0	2	0	0	1	0	0	1	1	1	1	2	0	1	2	0	0	1	0	1	1	0	1	1	1	2	0	1	1	1	1	2	1	0	1	1	1	0	1
"c74"	2	1	0	0	0	0	0	0	0	0	0	0	0	0	0	0	0	0	1	1	0	0	2	0	0	0	0	0	0	0	0	1	0	0	1	1	0	0	0	0	0	0	0	0	0	1	0	0	0	0
"c75"	2	1	0	1	0	0	1	0	0	0	1	0	0	0	0	1	0	0	1	1	1	0	2	0	1	2	0	0	0	0	0	1	0	0	1	1	0	0	0	1	0	1	0	0	0	1	0	0	0	0
"c76"	2	1	0	1	1	0	1	0	0	0	1	0	1	0	0	1	0	0	1	1	1	1	2	0	1	2	0	0	0	0	1	1	0	0	1	1	0	0	0	2	1	1	1	0	0	1	0	1	0	0
"c77"	2	0	0	0	0	0	0	0	0	0	0	0	0	0	0	0	0	0	1	0	0	0	0	0	0	0	0	0	0	0	0	0	0	0	1	1	0	0	0	0	0	0	0	0	0	0	0	0	0	0
"c78"	2	1	0	1	0	0	0	0	0	0	1	0	0	0	0	1	0	0	1	1	0	0	1	0	1	1	0	0	0	0	0	1	0	0	1	1	0	0	0	1	0	1	0	0	0	1	0	0	0	0
"c79"	2	1	0	1	0	1	0	1	1	0	1	1	0	0	0	1	1	0	0	1	0	0	2	1	1	2	0	2	0	1	0	1	0	0	1	1	0	1	0	1	0	1	0	0	1	1	0	0	1	0
"c80"	2	1	2	1	1	0	1	0	0	0	1	0	1	0	0	1	0	0	1	1	1	1	2	0	1	2	0	0	1	0	1	1	0	1	1	1	2	0	1	2	1	1	2	1	0	1	1	1	0	1
"c81"	2	1	0	1	0	1	0	1	0	0	1	1	0	1	0	1	1	0	1	1	0	0	2	1	1	2	0	2	0	1	0	1	0	0	1	1	0	1	0	1	0	1	0	0	1	1	0	0	1	0
"c82"	2	1	0	1	0	1	0	1	1	0	1	1	0	1	0	1	0	0	1	1	0	0	2	1	1	2	0	2	0	1	0	1	0	0	1	1	0	1	0	1	0	1	0	0	1	1	0	0	1	0
"c83"	2	1	0	1	0	1	0	1	0	0	1	1	0	0	0	1	1	0	1	1	0	0	2	1	0	2	0	0	0	0	0	1	0	0	1	1	0	0	0	1	0	1	0	0	1	1	0	0	0	0
"c84"	2	1	1	1	1	0	1	0	0	0	1	0	1	0	0	1	0	0	1	1	1	1	2	0	1	1	0	0	1	0	1	1	0	1	1	1	1	0	1	1	1	0	1	1	0	1	1	1	0	1
"c85"	2	1	0	1	0	1	0	1	1	0	1	1	0	0	0	1	0	0	1	1	0	0	2	1	1	2	0	1	0	1	0	1	0	0	1	1	0	1	0	1	0	1	0	0	1	1	0	0	1	0
"c86"	2	1	0	1	0	1	0	0	0	0	1	0	0	0	0	1	0	0	1	1	0	0	2	0	0	2	0	0	0	0	0	1	0	0	1	1	0	0	0	1	0	1	0	0	0	1	0	0	0	0
"c87"	2	1	2	1	1	0	1	0	0	0	1	0	1	0	0	1	0	0	1	0	1	1	2	0	1	2	0	0	1	0	1	1	0	1	2	1	2	0	1	1	1	1	2	1	0	1	1	1	0	1
"c88"	2	1	2	1	1	1	1	0	0	0	0	0	1	0	0	2	0	0	1	1	1	1	2	0	1	2	0	0	1	0	1	1	0	1	1	1	2	0	1	1	1	1	2	1	0	1	1	1	0	1
"c89"	2	1	2	1	1	0	1	0	0	0	1	0	1	0	0	2	0	0	1	1	1	1	2	0	1	2	0	0	1	0	1	1	0	1	1	1	2	0	0	1	1	1	2	1	0	1	1	1	0	1
"c90"	2	1	2	1	1	0	1	0	0	0	0	0	1	0	0	2	0	0	1	1	1	1	2	0	1	2	0	0	1	0	1	1	0	1	1	1	2	0	1	1	1	1	2	1	0	1	1	1	0	1
"c91"	2	1	0	1	1	1	1	1	1	0	1	1	1	1	0	1	1	0	1	1	1	1	2	1	1	2	0	1	0	1	1	1	0	0	1	1	0	1	0	1	1	1	1	0	1	1	0	1	1	0
"c92"	2	1	0	1	0	1	0	0	1	0	1	1	0	1	0	1	0	0	1	1	0	0	2	2	1	2	0	2	0	1	0	1	0	0	1	1	0	1	0	1	0	1	0	0	1	1	0	0	1	0
"c93"	2	1	2	1	1	0	1	0	0	0	1	0	1	0	0	1	0	0	1	0	1	1	2	0	1	2	0	0	1	0	1	1	0	1	1	1	2	0	1	1	1	1	2	1	0	1	1	1	0	1
"c94"	2	1	0	1	0	1	0	1	1	0	1	1	0	1	0	1	1	0	1	1	0	0	2	2	1	2	0	2	0	1	0	1	0	0	1	1	0	1	0	1	0	1	0	0	1	1	0	0	1	0
"c95"	2	1	0	1	0	1	0	1	1	0	1	1	0	1	0	1	1	0	1	1	0	0	2	1	1	2	0	2	0	1	0	1	0	0	1	1	0	1	0	1	0	1	0	0	1	1	0	0	1	0
"c96"	2	1	1	1	1	0	1	0	0	0	1	0	1	0	0	1	0	0	1	1	1	1	2	0	0	2	0	0	1	0	1	1	0	1	1	1	2	0	1	1	1	1	2	1	0	1	1	1	0	1
"c97"	2	1	0	1	0	1	0	1	1	0	1	1	0	1	0	1	1	0	1	1	0	0	2	1	1	2	0	2	0	1	0	1	0	0	1	1	0	1	0	1	0	1	0	0	1	1	0	0	1	0
"c98"	2	1	0	1	0	1	0	0	1	0	1	1	0	1	0	2	1	0	1	1	0	0	2	1	1	2	0	2	0	1	0	1	0	0	1	1	0	1	0	1	0	1	0	0	1	1	0	0	1	0
"c99"	2	1	2	1	1	0	1	0	0	0	0	0	1	0	0	1	0	0	1	1	1	1	2	0	1	2	0	0	1	0	1	1	0	1	1	1	2	0	1	1	1	1	2	1	0	1	1	1	0	0
"c100"	2	0	0	0	0	0	0	0	0	0	0	0	0	0	0	0	0	0	1	0	0	0	0	0	0	0	0	0	0	0	0	0	0	0	1	1	0	0	0	0	0	0	0	0	0	0	0	0	0	0
"c101"	2	1	0	1	0	1	0	1	1	0	1	1	0	1	0	1	1	0	1	1	0	0	2	1	1	2	0	2	0	1	0	1	0	0	1	1	0	1	0	1	0	1	0	0	1	1	0	0	1	0
"c102"	2	1	0	1	0	1	0	1	1	0	1	1	0	1	0	1	1	0	1	1	0	0	2	2	1	2	0	2	0	1	0	1	0	0	1	1	0	1	0	1	0	1	0	0	1	1	0	0	1	0
"c103"	2	1	0	1	0	0	0	0	0	1	1	0	0	0	1	1	0	1	1	1	0	0	2	0	1	2	1	0	0	0	0	1	1	0	1	1	0	0	0	1	0	1	0	0	0	1	0	0	0	0
"c104"	2	1	0	1	0	1	0	0	0	0	1	1	0	0	0	1	0	0	1	1	0	0	2	1	1	2	0	0	0	0	0	1	0	0	1	1	0	0	0	1	0	1	0	0	1	1	0	0	0	0
"c105"	2	1	0	1	0	0	0	0	0	0	1	0	0	0	0	1	0	0	1	1	0	0	2	0	1	2	0	0	0	0	0	1	0	0	1	1	0	0	0	1	0	1	0	0	0	1	0	0	0	0
"c106"	2	1	0	1	0	0	0	0	0	0	0	0	0	0	0	1	0	0	1	1	0	0	2	0	0	2	0	0	0	0	0	1	0	0	1	1	0	0	0	1	0	1	0	0	0	1	0	0	0	0
"c107"	2	1	0	1	0	1	0	1	1	0	1	1	0	1	0	1	1	0	1	1	0	0	2	2	1	2	0	2	0	1	0	1	0	0	1	1	0	1	0	1	0	1	0	0	1	1	0	0	1	0
"c108"	2	1	1	1	1	1	1	1	0	0	1	1	1	0	0	1	0	0	1	1	1	1	2	1	1	2	0	1	1	1	1	1	0	1	1	1	1	1	1	1	1	1	1	1	1	1	1	1	1	1
"c109"	2	1	0	1	0	0	0	0	0	0	1	0	0	0	0	1	0	0	1	1	0	0	2	0	1	2	0	0	0	0	0	1	0	0	1	1	0	0	0	1	0	1	0	0	0	1	0	0	0	0
"c110"	2	1	0	1	0	0	0	0	0	1	1	0	0	0	1	1	0	1	1	1	0	0	2	0	1	2	1	0	0	0	0	1	1	0	1	1	0	0	0	1	0	1	0	0	0	1	0	0	0	0
"c111"	2	1	0	1	0	0	1	0	0	0	1	0	0	0	0	1	0	0	1	1	1	0	2	0	1	2	0	0	0	0	0	1	0	0	1	1	0	0	0	1	0	1	0	0	0	1	0	0	0	0
"c112"	2	1	0	1	0	1	0	1	0	0	1	1	0	0	0	1	1	0	1	1	0	0	2	1	0	2	0	0	0	0	0	1	0	0	1	1	0	0	0	1	0	1	0	0	1	1	0	0	0	0
"c113"	2	1	1	1	1	1	1	0	0	0	1	1	1	1	0	1	1	0	1	1	1	1	2	1	1	2	0	1	1	1	1	1	0	1	1	1	1	1	1	1	1	1	1	1	1	1	1	1	1	1
"c114"	2	1	0	1	0	1	0	1	0	0	1	1	0	0	0	1	1	0	1	1	0	0	2	1	1	2	0	0	0	0	0	1	0	0	1	1	0	0	0	1	0	1	0	0	1	1	0	0	0	0
"c115"	1	1	0	1	0	1	0	1	1	0	1	1	0	1	0	1	1	0	1	1	0	0	2	1	1	2	0	2	0	1	0	1	0	0	1	1	0	1	0	1	0	1	0	0	1	1	0	0	1	0
"c116"	2	1	2	1	1	0	1	0	0	0	1	0	1	0	0	1	0	0	1	1	1	1	2	0	0	2	0	0	1	0	1	1	0	1	1	1	2	0	1	1	1	1	2	1	0	1	1	1	0	1
"c117"	2	1	0	1	0	1	1	1	1	0	0	1	0	1	0	1	1	0	1	1	1	0	2	1	1	2	0	1	0	1	0	1	0	0	1	1	0	1	0	2	0	1	0	0	1	1	0	0	1	0
"c118"	2	1	0	1	1	0	1	0	0	0	1	0	1	0	0	1	0	0	1	1	1	1	2	0	1	2	0	0	0	0	1	1	0	0	1	1	0	0	0	1	1	1	2	0	0	1	0	1	0	0
"c119"	2	1	0	1	0	1	0	0	1	1	1	1	0	1	0	1	1	0	1	1	0	0	2	1	0	2	0	1	0	0	0	1	0	0	1	1	0	1	0	1	0	1	0	0	1	1	0	0	1	0
"c120"	2	1	0	1	0	1	0	0	1	0	1	1	0	1	0	1	1	0	1	1	0	0	2	1	1	2	0	2	0	1	0	1	0	0	1	1	0	1	0	1	0	1	0	0	1	1	0	0	1	0
"c121"	2	1	0	1	0	1	0	1	1	0	1	1	0	1	0	1	1	0	1	1	0	0	2	1	1	2	0	2	0	1	0	1	0	0	1	1	0	1	0	1	0	1	0	0	1	1	0	0	1	0
"c122"	2	1	2	1	1	0	1	0	0	0	1	0	2	0	0	2	0	0	1	1	1	1	2	0	1	2	1	0	1	0	1	1	0	1	2	1	2	0	1	1	1	1	2	1	0	1	1	1	0	1
"c123"	2	1	0	1	0	1	1	1	0	0	1	1	0	0	0	1	1	0	1	1	0	0	2	1	0	2	0	0	0	0	0	1	0	0	1	1	0	0	0	1	0	1	0	0	1	1	0	0	0	0
"c124"	2	1	2	1	1	0	1	0	0	0	1	0	1	0	0	1	0	0	1	0	1	1	2	0	1	2	0	0	1	0	1	1	0	1	1	1	2	0	1	1	1	1	2	1	0	1	1	1	0	1
"c125"	2	1	0	1	0	1	0	1	1	0	1	1	0	1	0	1	0	0	1	1	0	0	2	1	1	2	0	2	0	1	0	1	0	0	1	1	0	1	0	2	0	1	0	0	1	1	0	0	1	0
"c126"	2	1	0	1	0	1	0	1	1	0	0	1	0	1	0	1	1	0	1	1	0	0	2	1	1	2	0	2	0	1	0	1	0	0	1	1	0	1	0	1	0	1	0	0	1	1	0	0	1	0
"c127"	2	1	0	1	0	0	0	0	0	0	1	0	0	0	0	1	0	0	1	1	0	0	2	0	1	2	0	0	0	0	0	1	0	0	1	1	0	0	1	1	0	1	0	0	0	1	0	0	0	0
"c128"	2	1	0	1	0	0	0	0	0	0	0	0	0	0	0	1	0	0	1	1	0	0	2	0	1	2	0	0	0	0	0	1	0	0	1	1	0	0	0	1	0	1	0	0	0	1	0	0	0	0
"c129"	2	1	0	1	0	1	0	0	0	0	1	0	0	0	0	1	0	0	1	1	0	0	1	0	1	1	0	0	0	0	0	1	0	0	1	1	0	0	0	1	0	1	0	0	0	1	0	0	0	0
"c130"	2	1	0	1	0	1	0	1	1	0	1	1	0	1	0	1	0	0	1	1	0	0	2	1	1	2	0	2	0	1	0	1	0	0	1	1	0	1	0	1	0	1	0	0	1	1	0	0	1	0
"c131"	2	1	0	1	0	1	1	1	0	0	1	1	0	0	0	1	1	0	1	1	0	0	2	1	1	2	0	0	0	0	0	1	0	0	1	1	0	0	0	1	0	1	0	0	1	1	0	0	0	0
"c132"	2	1	0	1	0	1	0	1	1	0	1	1	0	1	0	1	0	0	1	1	0	0	2	1	1	1	0	2	0	1	0	1	0	0	1	1	0	1	0	1	0	1	0	0	1	1	0	0	1	0
"c133"	2	1	0	1	0	1	0	1	1	0	1	1	0	0	0	1	1	0	1	1	0	0	2	1	0	2	0	2	0	1	0	1	0	0	1	1	0	1	0	1	0	1	0	0	1	1	0	0	1	0
"c134"	2	1	0	1	0	1	1	0	0	0	1	0	0	0	0	1	0	0	1	1	1	0	2	0	1	2	0	0	0	0	0	1	0	0	1	1	0	0	0	1	0	1	0	0	0	1	0	0	0	0
"c135"	2	1	0	1	0	1	0	1	1	0	1	1	0	1	0	1	1	0	1	1	0	0	2	1	1	2	0	2	0	1	0	1	0	0	1	1	0	1	0	1	0	1	0	0	1	1	0	0	1	0
"c136"	2	1	0	1	0	0	1	0	0	1	1	0	0	0	1	1	0	1	1	1	0	0	2	0	1	2	1	0	0	0	0	1	1	0	1	1	0	0	0	1	0	1	0	0	0	1	0	0	0	0
"c137"	2	1	0	1	0	1	0	1	1	0	1	1	0	1	0	1	1	0	1	1	0	0	2	1	1	2	0	2	0	1	0	1	0	0	1	1	0	1	0	1	0	1	0	0	1	1	0	0	1	0
"c138"	2	1	0	1	0	1	0	1	1	0	1	1	0	1	0	1	1	0	0	1	0	0	2	1	0	2	0	2	0	1	0	1	0	0	1	1	0	1	0	1	0	1	0	0	1	1	0	0	1	0
"c139"	2	1	0	1	0	1	0	1	1	0	1	1	0	1	0	1	1	0	1	1	0	0	1	1	1	1	0	1	0	1	0	1	0	0	1	1	0	1	0	1	0	1	0	0	1	1	0	0	1	0
"c140"	2	1	0	1	0	1	0	1	1	0	1	1	0	1	0	1	1	0	1	1	0	0	2	1	1	2	0	2	0	1	0	1	0	0	1	1	0	1	0	1	0	1	0	0	1	1	0	0	1	0
"c141"	2	1	0	1	0	0	0	0	0	1	1	0	0	0	1	1	0	1	1	1	0	0	2	0	1	2	1	0	0	0	0	2	1	0	1	1	0	0	0	1	0	1	0	0	0	1	0	0	0	0
"c142"	2	1	2	1	1	0	1	0	0	0	1	0	1	0	0	1	0	0	1	1	1	1	2	0	1	2	0	0	1	0	1	1	0	1	1	1	2	0	1	1	1	1	2	1	0	1	1	1	0	1
"c143"	2	2	0	1	0	1	0	1	1	0	1	1	0	0	0	1	1	0	1	1	0	0	2	1	0	2	0	2	0	1	0	1	0	0	1	1	0	1	0	1	0	1	0	0	1	1	0	0	1	0
"c144"	2	1	0	1	0	1	0	1	1	0	1	1	0	1	0	1	1	0	1	1	0	0	2	1	1	2	0	1	0	1	0	1	0	0	1	1	0	1	0	1	0	1	0	0	1	1	0	0	1	0
"c145"	2	0	0	0	0	0	0	0	0	0	0	0	0	0	0	0	0	0	1	0	0	0	0	0	0	0	0	0	0	0	0	0	0	0	1	1	0	0	0	0	0	0	0	0	0	0	0	0	0	0
"c146"	2	1	0	1	0	1	0	1	0	0	1	1	0	1	0	1	1	0	1	1	0	0	2	2	1	2	0	2	0	1	0	1	0	0	1	1	0	1	0	1	0	1	0	0	1	1	0	0	1	0
"c147"	2	1	0	1	0	0	0	0	0	0	1	0	0	0	0	1	0	0	1	1	0	0	2	0	1	2	0	0	0	0	0	1	0	0	1	1	0	0	0	1	0	1	0	0	0	1	0	0	0	0
"c148"	2	1	0	1	0	1	0	1	0	0	1	1	0	1	0	1	1	0	1	1	0	0	2	1	1	2	0	2	0	1	0	1	0	0	1	1	0	1	0	1	0	1	0	0	1	1	0	0	1	0
"c149"	2	1	0	1	0	0	0	0	0	0	1	0	0	0	0	1	0	0	1	1	0	0	2	0	1	2	0	0	0	0	0	1	0	0	1	1	0	0	0	1	0	1	0	0	0	1	0	0	0	0
"c150"	2	1	0	1	0	1	0	1	1	0	0	1	0	1	0	1	1	0	1	1	0	0	2	1	1	2	0	2	0	1	0	1	0	0	1	1	0	1	0	1	0	1	0	0	1	1	0	0	1	0
"c151"	2	1	0	1	0	1	0	1	0	0	1	1	0	0	0	1	1	0	0	1	0	0	2	1	1	2	0	0	0	0	0	1	0	0	1	1	0	0	0	1	0	1	0	0	1	1	0	0	0	0
"c152"	2	1	0	1	0	1	0	0	0	1	1	0	0	0	1	1	0	1	1	1	0	0	2	0	1	2	1	0	0	0	0	1	1	0	1	1	0	0	0	1	0	1	0	0	0	1	0	0	0	0
"c153"	2	1	0	1	0	1	0	0	1	1	1	1	0	1	0	1	1	0	1	1	0	0	2	1	0	2	0	1	0	1	0	1	0	0	1	1	0	1	0	1	0	1	0	0	1	1	0	0	1	0
"c154"	2	1	0	1	0	0	1	0	0	0	1	0	0	0	0	1	0	0	1	1	1	0	2	0	1	2	0	0	0	0	0	1	0	0	1	1	0	0	0	1	0	1	0	0	0	1	0	0	0	0
"c155"	2	1	0	1	0	1	0	1	1	0	1	1	0	1	0	1	1	0	1	1	0	0	2	1	1	2	0	2	0	1	0	1	0	0	1	1	0	1	0	1	0	1	0	0	1	1	0	0	1	0
"c156"	2	1	0	1	0	1	0	1	0	0	1	1	0	0	0	1	1	0	1	1	0	0	2	1	1	2	0	0	0	0	0	1	0	0	1	1	0	0	0	1	0	1	0	0	1	1	0	0	0	0
"c157"	2	1	0	1	0	1	0	0	0	0	1	0	0	0	0	1	0	0	1	1	0	0	2	0	1	2	0	0	0	0	0	1	0	0	1	1	0	0	0	1	0	1	0	0	0	1	0	0	0	0
"c158"	2	1	0	1	0	1	0	1	1	0	1	1	0	1	0	1	1	0	1	1	0	0	2	1	1	2	0	2	0	1	0	1	0	0	1	1	0	1	0	1	0	1	0	0	1	1	0	0	1	0
"c159"	2	1	0	1	0	1	0	1	1	0	1	1	0	1	0	1	0	0	1	1	0	0	2	2	1	2	0	2	0	1	0	1	0	0	1	1	0	1	0	1	0	1	0	0	1	1	0	0	1	0
"c160"	2	1	0	1	0	1	0	1	1	0	1	1	0	1	0	1	1	0	1	1	0	0	2	2	1	2	0	2	0	1	0	1	0	0	1	1	0	1	0	1	0	1	0	0	1	1	0	0	1	0
"c161"	2	1	0	1	0	0	0	0	0	0	1	0	0	0	0	1	0	0	1	1	0	0	2	0	1	2	0	0	0	0	0	1	0	0	1	1	0	0	0	1	0	1	0	0	0	1	0	0	0	0
"c162"	2	1	2	1	1	0	1	0	0	0	1	0	2	0	0	1	0	0	1	1	1	1	2	0	0	2	0	0	1	0	1	1	0	1	1	1	2	0	1	1	1	1	2	1	0	1	1	1	0	0
"c163"	2	0	0	0	0	0	0	0	0	0	0	0	0	0	0	0	0	0	1	0	0	0	0	0	0	0	0	0	0	0	0	0	0	0	1	1	0	0	0	0	0	0	0	0	0	0	0	0	0	0
"c164"	2	1	0	1	0	1	1	0	0	0	1	0	0	0	0	1	0	0	1	1	1	0	2	0	1	2	0	0	0	0	0	1	0	0	1	1	0	0	0	1	0	1	0	0	0	1	0	0	0	0
"c165"	2	1	0	1	0	1	1	0	0	0	1	0	0	0	0	1	0	0	1	1	1	0	2	0	1	2	0	0	0	0	0	1	0	0	1	1	0	0	0	1	0	1	0	0	0	1	0	0	0	0
"c166"	2	1	0	1	1	0	1	0	0	0	1	0	1	0	0	1	0	0	1	1	1	1	2	0	1	2	0	0	0	0	1	1	0	0	1	1	0	0	0	2	1	1	2	0	0	1	0	1	0	0
"c167"	2	1	0	1	0	1	0	1	1	0	1	1	0	1	0	1	1	0	1	1	0	0	2	1	0	2	0	2	0	1	0	1	0	0	1	1	0	1	0	1	0	1	0	0	1	1	0	0	1	0
"c168"	2	1	0	1	0	1	0	1	0	0	1	1	0	1	0	1	1	0	1	1	0	0	2	1	1	2	0	2	0	1	0	1	0	0	1	1	0	1	0	1	0	1	0	0	1	1	0	0	1	0
"c169"	2	1	0	0	0	0	0	0	0	0	0	0	0	0	0	0	0	0	1	1	0	0	2	0	0	0	0	0	0	0	0	1	0	0	1	1	0	0	0	0	0	0	0	0	0	1	0	0	0	0
"c170"	2	0	0	0	0	0	0	0	0	0	0	0	0	0	0	0	0	0	1	0	0	0	0	0	0	0	0	0	0	0	0	0	0	0	1	1	0	0	0	0	0	0	0	0	0	0	0	0	0	0
"c171"	2	0	0	0	0	0	0	0	0	0	0	0	0	0	0	0	0	0	1	0	0	0	0	0	0	0	0	0	0	0	0	0	0	0	1	1	0	0	0	0	0	0	0	0	0	0	0	0	0	0
"c172"	2	1	0	1	0	0	0	0	0	0	1	0	0	0	0	1	0	0	1	1	0	0	2	0	1	2	0	0	0	0	0	1	0	0	1	1	1	0	0	1	0	1	0	0	0	1	0	0	0	0
"c173"	2	1	0	1	0	1	0	1	0	0	1	1	0	0	0	1	1	0	1	1	0	0	2	1	1	2	0	0	0	0	0	1	0	0	1	1	0	0	0	1	0	1	0	0	1	1	0	0	0	0
"c174"	2	1	0	1	0	1	0	1	1	0	1	1	0	1	0	1	1	0	1	1	0	0	2	1	1	2	0	2	0	1	0	1	0	0	1	1	0	1	0	1	0	1	0	0	1	1	0	0	1	0
"c175"	2	0	0	0	0	0	0	0	0	0	0	0	0	0	0	0	0	0	1	0	0	0	0	0	0	0	0	0	0	0	0	0	0	0	1	1	0	0	0	0	0	0	0	0	0	0	0	0	0	0
"c176"	1	1	1	1	1	1	1	1	0	0	1	1	1	0	0	1	1	0	1	1	1	1	2	2	1	2	0	1	1	1	1	1	0	1	1	1	1	1	1	1	1	1	1	1	1	1	0	1	1	0
"c177"	2	1	2	1	1	0	1	0	0	0	0	0	1	0	0	1	0	0	1	1	1	1	2	0	1	2	0	0	1	0	1	1	0	1	1	1	2	0	1	1	1	1	2	1	0	1	1	1	0	1
"c178"	2	1	0	1	0	0	0	0	0	0	1	0	0	0	0	1	0	0	1	1	0	0	2	0	1	1	0	0	0	0	0	1	0	0	1	1	0	0	0	1	0	1	0	0	0	1	0	0	0	0
"c179"	2	2	0	1	0	1	0	1	0	0	1	1	0	1	0	1	1	0	1	1	0	0	2	1	0	2	0	2	0	1	0	1	0	0	1	1	0	1	0	1	0	1	0	0	1	1	0	0	1	0
"c180"	2	1	0	1	0	1	0	1	1	0	1	1	0	1	0	1	0	0	1	1	0	0	2	1	1	2	0	2	0	1	0	1	0	0	1	1	0	1	0	1	0	1	0	0	1	1	0	0	1	0
"c181"	2	1	1	1	1	0	1	0	0	0	1	0	1	0	0	1	0	0	1	1	1	1	1	0	1	1	0	0	1	0	1	1	0	1	1	1	1	0	1	1	1	1	1	1	0	1	1	1	0	1
"c182"	2	1	0	1	0	1	0	1	1	0	1	1	0	1	0	1	1	0	1	1	0	0	2	1	1	2	0	2	0	1	0	1	0	0	1	1	0	1	0	1	0	1	0	0	1	1	0	0	1	0
"c183"	2	1	1	1	1	1	1	0	1	0	1	1	1	1	0	1	0	0	1	1	1	1	2	1	0	2	0	1	1	1	1	1	0	1	1	1	1	1	1	2	0	1	1	0	1	1	1	1	1	1
"c184"	2	1	0	1	0	1	0	1	0	0	1	1	0	0	0	1	1	0	1	1	0	0	2	1	0	2	0	1	0	1	0	1	0	0	1	1	0	1	0	1	0	1	0	0	1	1	0	0	1	0
"c185"	2	1	0	1	0	0	0	0	0	1	1	0	0	0	1	1	0	1	1	1	0	0	2	0	1	2	1	0	0	0	0	1	1	0	1	1	0	0	0	1	0	1	0	0	0	1	0	0	0	0
"c186"	2	1	0	1	0	0	1	0	0	0	1	0	0	0	0	1	0	0	1	1	1	0	2	0	1	2	0	0	0	0	0	1	0	0	1	1	0	0	0	1	0	1	0	0	0	1	0	0	0	0
"c187"	2	0	0	0	0	0	0	0	0	0	0	0	0	0	0	0	0	0	1	0	0	0	0	0	0	0	0	0	0	0	0	0	0	0	1	1	0	0	0	0	0	0	0	0	0	0	0	0	0	0
"c188"	2	1	0	1	0	1	0	1	0	0	1	1	0	0	0	1	1	0	1	1	0	0	2	1	1	2	0	0	0	0	0	1	0	0	1	1	0	0	0	1	0	1	0	0	1	1	0	0	0	0
"c189"	2	1	0	1	0	0	0	0	0	1	1	0	0	0	1	1	0	1	1	1	0	0	2	0	1	2	1	0	0	0	0	1	1	0	1	1	0	0	0	1	0	1	0	0	0	1	0	0	0	0
"c190"	2	0	0	0	0	0	0	0	0	0	0	0	0	0	0	0	0	0	1	0	0	0	0	0	0	0	0	0	0	0	0	0	0	0	1	1	0	0	0	0	0	0	0	0	0	0	0	0	0	0
"c191"	2	1	0	1	0	1	0	1	1	0	1	1	0	1	0	1	1	0	1	1	0	0	2	1	0	2	0	2	0	1	0	1	0	0	1	1	0	1	0	1	0	1	0	0	1	1	0	0	1	0
"c192"	2	1	2	1	1	0	1	0	0	0	1	0	1	0	0	2	0	0	1	1	1	1	2	0	0	2	0	0	1	0	1	1	0	1	1	1	2	0	1	1	1	1	2	1	0	1	1	1	0	1
"c193"	2	1	2	1	1	0	1	0	0	0	1	0	1	0	0	1	0	0	1	1	1	1	2	0	1	2	0	0	1	0	1	1	0	1	1	1	2	0	1	2	1	1	2	1	0	1	0	1	0	1
"c194"	2	1	2	1	1	0	1	0	0	0	1	0	2	0	0	1	0	0	1	1	1	1	2	0	1	2	0	0	1	0	1	1	0	1	1	1	2	0	1	1	1	1	2	1	0	1	1	1	0	1
"c195"	2	0	0	0	0	0	0	0	0	0	0	0	0	0	0	0	0	0	1	0	0	0	0	0	0	0	0	0	0	0	0	0	0	0	1	1	0	0	0	0	0	0	0	0	0	0	0	0	0	0
"c196"	2	0	0	0	0	0	0	0	0	0	0	0	0	0	0	0	0	0	1	0	0	0	0	0	0	0	0	0	0	0	0	0	0	0	1	1	0	0	0	0	0	0	0	0	0	0	0	0	0	0
"c197"	2	1	2	1	1	0	1	0	0	0	1	0	1	0	0	1	0	0	1	1	1	1	2	0	1	2	0	0	1	0	1	1	0	1	1	1	2	0	1	1	1	1	2	1	0	1	1	1	0	1
"c198"	2	1	0	1	0	1	0	1	1	0	1	1	0	1	0	1	1	0	1	1	1	0	2	1	0	2	0	2	0	1	0	1	0	0	1	1	0	1	0	1	0	1	1	0	1	1	0	0	1	0
"c199"	2	1	2	1	1	0	1	0	0	0	1	0	1	0	0	2	0	0	1	1	1	1	2	0	1	2	0	0	1	0	1	2	0	1	1	1	2	0	1	1	1	1	2	1	0	1	1	1	0	1
"c200"	2	1	0	1	0	1	0	1	1	0	1	1	0	1	0	1	1	0	1	1	0	0	2	1	1	2	0	2	0	1	0	1	0	0	1	1	0	1	0	1	0	1	0	0	1	1	0	0	1	0
"c201"	2	1	0	1	0	1	0	0	1	0	1	1	0	1	0	1	1	0	1	1	0	0	2	1	1	2	0	2	0	1	0	1	0	0	1	1	0	1	0	1	0	1	0	0	1	1	0	0	1	0
"c202"	2	1	0	1	0	0	0	0	0	1	1	0	0	0	0	1	0	1	1	1	1	0	2	0	1	2	1	0	0	0	0	1	1	0	1	1	0	0	0	1	0	1	0	0	0	1	0	0	0	0
"c203"	2	0	0	0	0	0	0	0	0	0	0	0	0	0	0	0	0	0	1	0	0	0	0	0	0	0	0	0	0	0	0	0	0	0	1	1	0	0	0	0	0	0	0	0	0	0	0	0	0	0
"c204"	2	1	0	1	0	1	0	0	1	0	1	1	0	1	0	1	1	0	1	1	0	0	2	1	1	2	0	2	0	1	0	1	0	0	1	1	0	1	0	1	0	1	0	0	1	1	0	0	1	0
"c205"	2	1	0	1	0	1	0	0	0	0	1	0	0	0	0	1	0	0	1	1	0	0	2	0	1	2	0	0	0	0	0	1	0	0	1	1	0	0	0	1	0	1	0	0	0	1	0	0	0	0
"c206"	2	0	0	0	0	0	0	0	0	0	0	0	0	0	0	0	0	0	1	0	0	0	0	0	0	0	0	0	0	0	0	0	0	0	1	1	0	0	0	0	0	0	0	0	0	0	0	0	0	0
"c207"	2	0	0	0	0	0	0	0	0	0	0	0	0	0	0	0	0	0	1	0	0	0	0	0	0	1	0	0	0	0	0	0	0	0	1	1	0	0	0	0	0	0	0	0	0	0	0	0	0	0
"c208"	2	1	0	1	0	1	0	1	1	0	0	1	0	1	0	1	1	0	1	1	0	0	1	1	1	1	0	1	0	0	0	1	0	0	1	1	0	1	0	1	0	1	0	0	1	1	0	0	1	0
"c209"	2	0	0	0	0	0	0	0	1	0	0	0	0	0	0	0	0	0	1	0	0	0	0	0	0	0	0	0	0	0	0	0	0	0	1	1	0	0	0	0	0	0	0	0	0	0	0	0	0	0
"c210"	2	1	2	1	1	0	1	0	0	0	1	0	1	0	0	1	0	0	1	1	1	1	2	0	1	2	0	0	1	0	1	1	0	1	1	1	2	0	1	2	1	1	2	1	0	1	1	1	0	1
"c211"	2	1	0	1	0	1	0	0	0	0	1	0	0	0	0	1	0	0	1	1	0	0	2	0	1	2	0	0	0	0	0	1	0	0	1	1	0	0	0	1	0	1	0	0	0	1	0	0	0	0
"c212"	2	1	0	1	0	1	0	1	1	0	1	1	0	1	0	1	1	0	1	1	0	0	2	1	1	2	0	2	0	1	0	1	0	0	1	1	0	1	0	1	0	1	0	0	1	1	0	0	1	0
"c213"	2	1	0	1	0	1	0	1	1	0	0	1	0	1	0	1	1	0	1	1	0	0	1	1	0	1	0	1	0	1	0	1	0	0	1	1	0	1	0	1	0	1	0	0	1	1	0	0	1	0
"c214"	2	1	0	0	0	0	0	0	0	0	0	0	0	0	0	0	0	0	1	1	0	0	2	0	0	0	0	0	0	0	0	1	0	0	1	1	0	0	0	0	0	0	0	0	0	1	0	0	0	0
"c215"	2	1	0	1	0	0	0	0	0	0	1	0	0	0	0	1	0	0	1	1	0	0	2	0	1	2	0	0	0	0	0	1	0	0	1	1	0	0	0	1	0	2	0	0	0	1	0	0	0	0
"c216"	2	1	2	1	1	0	1	0	0	0	1	0	1	0	0	1	0	0	1	1	1	1	2	0	1	2	0	0	1	0	1	1	0	1	1	1	2	0	1	2	1	1	2	1	0	1	1	1	0	1
"c217"	2	1	0	1	0	0	0	0	0	0	1	0	0	0	0	1	0	0	1	1	0	0	2	0	1	2	0	0	0	0	0	1	0	0	1	1	0	0	0	1	0	1	0	0	0	1	0	0	0	0
"c218"	2	1	0	0	0	0	0	0	0	0	0	0	0	0	0	0	0	0	1	1	0	0	2	0	0	0	0	0	0	0	0	1	0	0	1	1	0	0	0	0	0	0	0	0	0	1	0	0	0	0
"c219"	2	1	0	1	0	1	0	1	1	0	1	1	0	1	0	1	1	0	1	1	0	0	2	1	1	2	0	2	0	1	0	1	0	0	1	1	0	1	0	1	0	1	0	0	1	1	0	0	1	0
"c220"	2	1	0	1	0	1	0	1	0	0	1	1	0	1	0	1	1	0	1	1	0	0	2	1	1	2	0	2	0	1	0	1	0	0	1	1	0	1	0	1	0	1	0	0	1	1	0	0	1	0
"c221"	2	1	0	1	0	0	0	0	0	0	1	0	0	0	0	1	0	0	1	1	0	0	2	0	1	2	0	0	0	0	0	1	0	0	1	1	0	0	0	1	0	1	0	0	0	1	0	0	0	0
"c222"	2	1	0	1	0	1	0	1	1	0	1	1	0	1	0	1	1	0	1	1	0	0	2	1	1	2	0	2	0	1	0	1	0	0	1	1	0	1	0	1	0	1	0	0	1	1	0	0	1	0
"c223"	2	0	0	0	0	0	0	0	0	0	0	0	0	0	0	0	0	0	1	0	0	0	0	0	0	0	0	0	0	0	0	0	0	0	1	1	0	0	0	0	0	0	0	0	0	0	0	0	0	0
"c224"	2	1	0	1	0	1	0	0	0	0	1	0	0	0	0	1	0	0	1	1	0	0	2	0	1	2	0	0	0	0	0	1	0	0	1	1	0	0	0	1	0	1	0	0	0	1	0	0	0	0
"c225"	2	1	0	1	0	0	0	0	0	0	1	0	0	0	0	1	0	0	1	1	0	0	1	0	0	1	0	0	0	0	0	1	0	0	1	1	0	0	0	1	0	1	0	0	0	1	0	0	0	0
"c226"	2	2	0	1	0	1	0	1	0	0	1	1	0	1	0	1	0	0	1	1	0	0	2	1	0	2	0	1	0	1	0	1	0	0	1	1	0	1	0	1	0	1	0	0	1	1	0	0	1	0
"c227"	2	1	0	1	0	0	0	0	0	0	1	0	0	0	0	1	0	0	1	1	0	0	2	0	1	2	0	0	0	0	0	1	0	0	2	1	0	0	0	1	0	1	0	0	0	1	0	0	0	0
"c228"	2	1	0	1	0	0	1	0	0	0	1	0	0	0	0	1	0	0	1	1	1	0	2	0	1	2	0	0	0	0	0	1	0	0	1	1	0	0	0	2	0	1	0	0	0	1	0	0	0	0
"c229"	2	1	0	1	0	0	0	0	0	0	1	0	0	0	0	1	0	0	1	1	0	0	2	0	1	2	0	0	0	0	0	1	0	0	1	1	0	0	0	1	0	1	0	0	0	1	0	0	0	0
"c230"	2	1	0	1	0	1	0	1	1	0	1	1	0	1	0	1	1	0	1	1	0	0	2	1	1	2	0	2	0	1	0	1	0	0	1	1	0	1	0	1	0	1	0	0	1	1	0	0	0	0
"c231"	2	1	0	1	0	1	0	1	1	0	1	1	0	1	0	1	0	0	1	1	0	0	2	1	1	2	0	2	0	1	0	1	0	0	1	1	0	1	0	1	0	1	0	0	1	1	0	0	1	0
"c232"	2	1	2	1	1	0	1	0	0	0	1	0	1	0	0	1	0	0	1	0	1	1	2	0	1	2	0	0	1	0	1	1	0	1	1	1	2	0	1	1	1	1	2	1	0	1	1	1	0	1
"c233"	1	1	0	1	0	1	0	1	1	0	1	1	0	1	0	1	1	0	1	1	0	0	2	1	1	2	0	2	0	1	0	1	0	0	1	1	0	1	0	1	0	1	0	0	1	1	0	0	1	0
"c234"	2	1	0	1	0	0	1	0	0	0	1	0	0	0	0	1	0	0	1	0	1	0	2	0	1	2	0	0	0	0	0	1	0	0	1	1	0	0	0	1	0	1	0	0	0	1	0	0	0	0
"c235"	2	1	0	1	0	1	0	1	0	0	1	1	0	0	0	1	1	0	1	1	0	0	2	1	1	2	0	2	0	1	0	1	0	0	1	1	0	1	1	1	0	1	0	0	1	1	0	0	1	0
"c236"	2	1	2	1	1	0	1	0	0	0	1	0	2	0	0	1	0	0	1	1	1	1	2	0	1	2	0	0	1	0	1	1	0	1	1	1	2	0	1	1	1	1	2	1	0	1	1	1	0	1
"c237"	2	1	0	1	0	1	0	0	1	0	1	1	0	1	0	1	1	0	1	1	0	0	2	1	1	2	0	1	0	1	0	1	0	0	1	1	0	1	0	1	0	1	0	0	1	1	0	0	1	0
"c238"	2	1	0	1	0	1	0	1	1	0	1	1	0	1	0	1	1	0	1	1	0	0	2	2	1	2	0	2	0	1	0	1	0	0	1	1	0	1	0	1	0	1	0	0	1	1	0	0	1	0
"c239"	2	1	2	1	1	0	1	0	0	0	1	0	1	0	0	2	0	0	1	1	1	1	2	0	1	2	0	0	1	0	1	1	0	1	2	1	2	0	1	1	1	1	2	1	0	1	1	1	0	0
"c240"	2	0	0	0	0	0	0	0	0	0	0	0	0	0	0	0	0	0	1	0	0	0	0	0	0	0	0	0	0	0	0	0	0	0	1	1	0	0	0	0	0	0	0	0	0	0	0	0	0	0
"c241"	2	1	2	1	1	0	1	0	0	0	1	0	1	0	0	1	0	0	1	1	1	1	2	0	1	2	0	0	1	0	1	1	0	1	1	1	2	0	1	1	1	1	2	1	0	1	1	1	0	1
"c242"	2	1	0	1	0	1	0	1	1	0	1	1	0	1	0	1	1	0	1	1	0	0	2	1	0	2	0	2	0	1	0	1	0	0	1	1	0	1	0	1	0	1	0	0	1	1	0	0	1	0
"c243"	2	1	0	1	0	1	0	1	1	0	1	1	0	1	0	1	1	0	1	1	0	0	2	1	1	2	0	2	0	1	0	1	0	0	1	1	0	1	0	1	0	1	0	0	1	1	0	0	1	0
"c244"	2	1	0	1	0	1	0	1	0	0	1	1	0	0	0	1	1	0	1	1	0	0	2	1	1	2	0	0	0	0	0	1	0	0	1	1	0	0	0	1	0	1	0	0	1	1	0	0	0	0
"c245"	2	1	0	1	0	1	0	1	1	0	1	1	0	1	0	1	0	0	1	1	0	0	2	1	0	2	0	2	0	1	0	1	0	0	1	1	0	1	0	1	0	1	0	0	1	1	0	0	1	0
"c246"	2	1	0	1	0	1	0	1	0	0	1	1	0	0	0	1	1	0	1	1	0	0	2	1	1	2	0	0	0	0	0	1	0	0	1	1	0	0	0	1	0	1	0	0	1	1	0	0	0	0
"c247"	2	1	0	1	0	1	0	1	1	0	1	1	0	1	0	1	1	0	1	1	0	0	2	1	0	2	0	2	0	1	0	1	0	0	1	1	0	1	0	1	0	1	0	0	1	1	0	0	1	0
"c248"	2	1	1	1	1	1	1	1	0	0	1	1	1	1	0	1	0	0	1	1	1	1	2	1	1	2	0	1	1	1	1	1	0	1	1	1	1	1	1	1	1	1	1	1	1	1	1	1	1	0
"c249"	2	1	2	1	1	0	1	0	0	0	1	0	2	0	0	1	0	0	1	1	1	1	2	0	0	2	0	0	1	0	1	1	0	1	1	1	2	0	1	2	1	1	2	1	0	1	1	1	0	1
"c250"	2	1	0	1	0	0	0	0	0	0	1	0	0	0	0	1	0	0	1	1	0	0	2	0	0	1	0	0	0	0	0	1	0	0	1	1	0	0	0	1	0	1	0	0	0	1	0	0	0	0
"c251"	2	1	2	1	1	0	1	0	0	0	1	0	1	0	0	1	0	0	1	1	1	1	2	0	1	2	0	0	1	0	1	1	0	1	1	1	2	0	1	1	1	1	2	1	0	1	1	1	0	1
"c252"	2	1	0	1	0	1	0	1	0	0	1	1	0	0	0	1	1	0	1	1	0	0	2	1	1	2	0	0	0	0	0	1	0	0	1	1	0	0	0	1	0	1	0	0	1	1	0	0	0	0
"c253"	1	1	0	0	0	0	0	0	0	0	0	0	0	0	0	0	0	0	1	0	0	0	0	0	0	0	0	0	0	0	0	0	0	0	1	1	0	0	0	0	0	0	0	0	0	0	0	0	0	0
"c254"	2	1	0	1	1	0	1	0	0	0	1	0	1	0	0	1	0	0	1	1	1	1	2	0	1	2	0	0	0	0	1	1	0	0	2	1	0	0	0	1	1	1	2	0	0	1	0	1	0	0
"c255"	2	1	0	1	0	1	0	1	1	0	1	1	0	1	0	1	1	0	1	1	0	0	2	1	0	2	0	2	0	1	0	1	0	0	1	1	0	1	0	1	0	1	0	0	1	1	0	0	1	0
"c256"	2	1	0	1	0	1	0	1	1	0	1	1	0	1	0	1	0	0	1	1	0	0	2	1	1	2	0	2	0	1	0	1	0	0	1	1	0	1	0	1	0	1	0	0	1	1	0	0	1	0
"c257"	2	0	0	0	0	0	0	0	0	0	0	0	0	0	0	0	0	0	1	0	0	0	0	0	0	0	0	0	0	0	0	0	0	0	1	1	0	0	0	0	0	0	0	0	0	0	0	0	0	0
"c258"	2	1	1	1	1	0	1	0	0	0	1	0	1	0	0	2	0	0	1	1	1	1	2	0	1	2	0	0	1	0	1	1	0	1	1	1	1	0	1	1	1	1	1	1	0	1	1	1	0	1
"c259"	2	1	0	1	0	0	0	0	0	0	1	0	0	0	0	1	0	0	1	1	0	0	2	0	1	2	0	0	0	0	0	1	0	0	1	1	0	0	0	1	0	1	0	0	0	1	0	0	0	0
"c260"	2	0	0	0	0	0	0	0	0	0	0	0	0	0	0	0	0	0	1	0	0	0	0	0	0	0	0	0	0	0	0	0	0	0	1	1	0	0	0	0	0	0	0	0	0	0	0	0	0	0
"c261"	2	1	0	1	0	1	0	0	0	0	1	0	0	0	0	1	0	0	2	1	0	0	2	0	1	2	0	0	0	0	0	1	0	0	1	1	0	0	0	1	0	1	0	0	0	1	0	0	0	0
"c262"	2	1	0	1	0	0	1	0	0	0	1	0	0	0	0	1	0	0	1	1	1	0	2	0	1	2	0	0	0	0	0	1	0	0	1	1	0	0	0	1	0	1	0	0	0	1	0	0	0	0
"c263"	2	1	0	1	0	0	0	0	0	0	1	0	0	0	0	1	0	0	1	1	0	0	2	0	0	2	0	0	0	0	0	1	0	0	1	1	0	0	0	1	0	1	0	0	0	1	0	0	0	0
"c264"	2	1	1	1	1	1	1	0	1	0	0	1	1	1	0	2	0	0	1	1	0	1	2	1	0	2	0	1	1	0	1	1	0	1	1	1	1	0	1	1	0	1	1	0	0	1	1	1	1	1
"c265"	2	1	0	1	0	1	0	1	1	0	1	1	0	1	0	1	0	0	1	1	0	0	2	1	1	2	0	2	0	1	0	1	0	0	1	1	0	1	0	1	0	1	0	0	1	1	0	0	1	0
"c266"	2	0	0	0	0	0	0	0	0	0	0	0	0	0	0	0	0	0	1	0	0	0	0	0	0	0	0	0	0	0	0	0	0	0	1	1	0	0	0	0	0	0	0	0	0	0	0	0	0	0
"c267"	2	1	0	1	0	1	0	1	1	0	1	1	0	1	0	1	1	0	1	1	0	0	2	1	1	2	0	2	0	1	0	1	0	0	1	1	0	1	0	1	0	1	0	0	1	1	0	0	1	0
"c268"	2	1	0	0	0	0	0	0	0	0	0	0	0	0	0	0	0	0	1	1	0	0	2	0	0	0	0	0	0	0	0	1	0	0	1	1	0	0	0	0	0	0	0	0	0	1	0	0	0	0
"c269"	2	1	0	1	0	1	0	1	0	0	1	1	0	0	0	1	1	0	0	1	0	0	2	1	1	2	0	0	0	0	0	1	0	0	1	1	0	0	0	1	0	1	0	0	1	1	0	0	0	0
"c270"	2	1	0	1	0	1	0	1	1	0	1	1	0	1	0	1	1	0	1	1	0	0	2	1	1	2	0	1	0	1	0	1	0	0	1	1	0	1	0	1	0	1	0	0	1	1	0	0	1	0
"c271"	2	1	0	1	0	0	0	0	0	1	1	0	0	0	1	1	0	1	1	1	0	0	2	0	1	2	1	0	1	0	0	1	1	0	1	1	0	0	0	1	0	1	0	0	0	1	0	0	0	0
"c272"	2	1	2	1	1	0	1	0	0	0	1	0	1	0	0	2	0	0	1	1	1	1	2	0	1	2	0	0	1	0	1	1	0	1	1	1	2	0	1	1	1	1	2	1	0	1	1	1	0	1
"c273"	2	1	0	1	0	1	0	1	0	0	0	1	0	0	0	1	1	0	1	1	0	0	2	1	1	2	0	0	0	0	0	1	0	0	1	1	0	0	0	1	0	1	0	0	1	1	0	0	0	0
"c274"	2	1	0	1	0	1	0	0	0	0	1	0	0	0	0	1	0	0	1	1	0	0	2	0	1	2	0	0	0	0	0	1	0	0	1	1	0	0	0	1	0	1	0	0	0	1	0	0	0	0
"c275"	2	1	0	1	0	1	0	1	0	0	1	1	0	1	0	1	1	0	1	1	0	1	2	1	1	2	0	1	0	0	0	1	0	0	1	1	0	1	0	1	0	1	0	0	1	1	0	0	1	0
"c276"	2	1	2	1	1	0	1	0	0	0	1	0	1	0	0	2	0	0	1	1	1	1	2	0	1	2	0	0	1	0	1	1	0	1	1	1	2	0	1	1	1	1	2	1	0	1	1	1	0	1
"c277"	2	1	2	1	1	0	1	0	0	0	1	0	2	0	0	1	0	0	1	1	1	1	2	0	1	2	0	0	1	0	1	1	0	1	1	1	2	0	1	1	1	1	2	1	0	1	1	1	0	1
"c278"	2	1	0	1	0	1	0	1	1	0	1	1	0	1	0	1	1	0	1	1	0	0	2	1	1	2	0	2	0	1	0	1	0	0	1	1	0	1	0	1	0	1	0	0	1	1	0	0	1	0
"c279"	2	1	0	1	0	1	0	0	1	0	1	1	0	1	0	1	1	0	1	1	0	0	2	1	1	2	0	2	0	1	0	1	0	0	1	1	0	1	0	1	0	1	0	0	1	1	0	0	1	0
"c280"	2	1	0	1	0	1	0	1	1	0	1	1	0	1	0	1	1	0	1	1	0	1	2	1	1	2	0	2	0	1	0	1	0	0	1	1	0	1	0	1	0	1	0	0	1	1	0	0	1	0
"c281"	2	1	0	1	0	1	0	1	0	0	1	1	0	1	0	1	1	0	1	1	0	0	2	1	1	2	0	2	0	1	0	1	0	0	1	1	0	1	0	1	0	1	0	0	1	1	0	0	0	0
"c282"	2	1	0	1	0	0	0	0	0	0	1	0	0	0	0	1	0	0	1	1	0	0	2	0	0	2	0	0	0	0	0	1	0	0	1	1	0	0	0	1	0	1	0	0	0	1	0	0	0	0
"c283"	2	2	0	1	0	1	0	0	0	0	1	0	0	0	0	1	0	0	1	1	0	0	2	0	1	2	0	0	0	0	0	1	0	0	1	1	0	0	0	1	0	1	0	0	0	1	0	0	0	0
"c284"	2	1	0	1	0	1	0	0	1	0	1	1	0	1	0	1	1	0	1	1	0	0	2	1	1	2	0	2	0	1	0	1	0	0	1	1	0	1	0	1	0	1	0	0	1	1	0	0	1	0
"c285"	2	1	0	1	0	0	0	0	0	1	1	0	0	0	1	1	0	1	1	1	0	0	2	0	1	2	1	0	0	0	0	1	1	0	1	1	0	0	0	1	0	1	0	0	0	1	0	0	0	0
"c286"	2	1	0	1	0	0	1	1	0	0	1	0	0	0	0	1	0	0	1	1	1	0	2	0	0	2	0	0	0	0	0	1	0	0	1	1	0	0	0	1	0	1	0	0	0	1	0	0	0	0
"c287"	1	1	0	1	0	1	0	0	0	0	1	0	0	0	0	1	0	0	1	1	0	0	2	0	1	2	0	0	0	0	0	1	0	0	1	1	0	0	0	1	0	1	0	0	0	1	0	0	0	0
"c288"	2	1	2	1	1	0	1	0	0	0	1	0	1	0	0	1	0	0	1	1	1	1	2	0	1	2	0	0	1	0	1	1	0	1	1	1	2	0	1	2	1	1	2	1	0	1	1	1	0	0
"c289"	2	1	0	1	0	0	0	0	0	1	1	0	0	0	1	1	0	1	1	1	0	0	1	0	1	1	0	0	0	0	0	1	1	0	1	1	0	0	0	1	0	1	0	0	0	1	0	0	0	0
"c290"	2	1	0	1	0	1	0	1	1	0	1	1	0	1	0	1	1	0	1	1	0	0	2	1	0	2	0	2	0	1	0	1	0	0	1	1	0	1	0	1	0	1	0	0	1	1	0	0	1	0
"c291"	2	2	0	1	0	1	0	1	1	1	1	1	0	1	0	1	1	0	1	1	0	0	2	1	1	2	0	2	0	1	0	1	0	0	1	1	0	1	0	1	0	1	0	0	1	1	0	0	1	0
"c292"	2	1	2	1	1	0	1	0	0	0	1	0	1	0	0	1	0	0	1	1	1	1	2	0	1	2	0	0	1	0	1	1	0	1	1	1	2	0	1	1	1	1	2	1	0	1	1	1	0	1
"c293"	2	1	0	1	0	1	0	1	0	0	1	1	0	0	0	1	1	0	1	1	0	0	2	1	1	2	0	0	0	0	0	1	0	0	1	1	0	0	0	1	0	1	0	0	1	1	0	0	0	0
"c294"	2	1	0	1	0	1	0	1	1	0	1	1	0	1	0	1	1	0	1	1	0	0	2	1	1	2	0	2	0	1	0	1	0	0	1	1	0	1	0	1	0	1	0	0	1	1	0	0	1	0
"c295"	2	1	0	1	0	0	0	0	0	0	1	0	0	0	0	1	0	0	1	1	0	0	2	0	1	2	0	0	0	0	0	1	0	0	1	1	0	0	0	1	0	1	0	0	0	1	0	0	0	0
"c296"	2	1	0	1	0	1	0	1	0	0	1	1	0	0	0	1	1	0	1	1	0	0	1	1	0	1	0	0	0	0	0	1	0	0	1	1	0	0	0	1	0	1	0	0	1	1	0	0	0	0
"c297"	2	1	0	1	0	1	0	1	1	0	1	1	0	1	0	1	1	0	1	1	0	0	2	1	1	2	0	2	0	1	0	1	0	0	1	1	0	1	0	1	0	1	0	0	1	1	0	0	1	0
"c298"	2	1	0	1	0	0	0	0	0	0	1	1	0	1	1	1	1	1	1	1	0	0	2	1	1	2	1	1	0	1	0	1	1	0	1	1	0	1	0	1	0	1	0	0	1	1	0	0	1	0
"c299"	2	1	0	1	0	1	0	1	1	0	1	1	0	1	0	1	1	0	1	1	0	0	2	1	1	2	0	1	0	1	0	1	0	0	1	1	0	1	0	1	0	1	0	0	1	1	0	0	1	0
"c300"	2	1	2	1	1	0	1	0	0	0	1	0	1	0	0	1	0	0	1	1	1	1	2	0	1	2	0	0	1	0	1	1	0	1	1	1	2	0	1	1	1	1	2	1	0	1	1	1	0	0
"c301"	2	1	0	1	0	1	0	0	0	0	1	0	0	0	0	1	0	0	1	1	0	0	2	0	1	2	0	0	0	0	0	1	0	0	1	1	0	0	0	1	0	1	0	0	0	1	0	0	0	0
"c302"	2	2	0	1	0	1	0	1	1	0	1	1	0	1	0	1	1	0	1	1	0	0	2	1	1	2	0	2	0	1	0	1	0	0	1	1	0	1	0	1	0	1	0	0	1	1	0	0	1	0
"c303"	2	1	0	1	0	1	0	1	1	0	1	1	0	1	0	1	1	0	1	1	0	0	2	1	1	2	0	1	0	1	0	1	0	0	1	1	0	1	0	1	0	1	0	0	1	1	0	0	1	0
"c304"	2	1	0	1	0	1	0	1	0	0	1	1	0	1	0	1	1	0	1	1	0	0	2	1	1	1	0	1	0	1	0	1	0	0	1	1	0	1	0	1	0	1	0	0	1	1	0	0	1	0
"c305"	2	1	0	1	0	0	1	0	0	0	1	0	0	0	0	1	0	0	1	1	1	0	2	0	1	2	0	0	0	0	0	1	0	0	1	1	0	0	0	1	0	1	0	0	0	1	0	0	0	0
"c306"	2	1	1	1	1	0	0	0	0	0	0	0	1	0	0	1	0	0	1	1	1	1	2	0	0	1	0	0	1	0	0	1	0	1	1	1	1	0	1	1	1	1	1	1	0	1	1	1	0	1
"c307"	2	1	0	1	0	1	0	1	1	0	1	1	0	1	0	1	1	0	1	1	0	0	2	1	1	2	0	2	0	1	0	1	0	0	1	1	0	1	0	1	0	1	0	0	1	1	0	0	1	0
"c308"	2	1	0	1	1	0	1	0	0	0	1	0	1	0	0	1	0	0	1	1	1	1	2	0	1	2	0	0	0	0	1	1	0	0	1	1	0	0	0	1	1	1	1	0	0	1	0	1	0	0
"c309"	2	1	0	0	0	0	0	0	0	0	0	0	0	0	0	0	0	0	1	1	0	0	2	0	0	0	0	0	0	0	0	1	0	0	1	1	0	0	0	0	0	0	0	0	0	1	0	0	0	0
"c310"	2	1	0	1	0	1	0	0	0	0	1	1	0	0	0	1	0	0	1	1	0	0	2	1	1	2	0	0	0	0	0	1	0	0	1	1	0	0	0	1	0	1	0	0	1	1	0	0	0	0
"c311"	2	1	0	1	0	1	0	1	0	0	1	1	0	1	0	1	0	0	1	1	0	0	2	2	1	2	0	2	0	1	0	1	0	0	1	1	0	1	0	1	0	1	0	0	1	1	0	0	1	0
"c312"	2	1	0	1	0	0	1	0	0	0	1	0	0	0	0	1	0	0	1	1	1	0	2	0	0	2	0	0	0	0	0	1	0	0	1	1	0	0	0	2	0	1	0	0	0	1	0	0	0	0
"c313"	2	0	0	0	0	0	0	0	0	0	0	0	0	0	0	0	0	0	1	0	0	0	0	0	0	0	0	0	0	0	1	0	0	0	1	1	0	0	0	0	0	0	0	0	0	0	0	0	0	0
"c314"	2	1	0	1	0	0	1	0	0	0	1	0	0	0	0	1	0	0	1	1	1	0	2	0	1	2	0	0	0	0	0	1	0	0	1	1	0	0	0	1	0	1	0	0	0	1	0	0	0	0
"c315"	2	1	0	1	0	1	0	1	1	0	1	1	0	1	0	1	1	0	1	1	0	0	2	1	1	2	0	2	0	1	0	1	0	0	1	1	0	1	0	1	0	1	0	0	1	1	0	0	1	0
"c316"	2	1	2	1	1	0	1	0	0	0	1	0	1	0	0	1	0	0	1	1	1	1	1	0	1	2	0	0	1	0	1	1	0	1	1	1	2	0	1	2	1	1	2	1	0	2	1	1	0	1
"c317"	2	1	0	1	0	1	0	1	1	0	1	1	0	1	0	1	1	0	1	1	0	0	2	2	0	2	0	2	0	1	0	1	0	0	1	1	0	1	0	1	0	1	0	0	1	1	0	0	1	0
"c318"	2	1	0	1	0	1	0	1	1	0	1	1	0	1	0	1	1	0	1	1	0	0	2	1	0	2	0	2	0	1	0	1	0	0	1	1	0	1	0	1	0	1	0	0	1	1	0	0	0	0
"c319"	2	1	0	1	0	1	0	1	0	0	1	1	0	1	0	1	1	0	1	1	0	0	2	1	1	2	0	2	0	1	0	1	0	0	1	1	0	1	0	1	0	1	0	0	1	1	0	0	1	0
"c320"	2	0	0	0	0	0	0	0	0	0	0	0	0	0	0	0	0	0	1	0	0	0	0	0	0	0	0	0	0	0	0	0	0	0	1	1	0	0	0	0	0	0	0	0	0	0	0	0	0	0
"c321"	2	1	0	1	0	1	0	1	1	0	1	1	0	1	0	1	1	0	1	1	0	0	2	1	0	2	0	2	0	1	0	1	0	0	1	1	0	1	0	1	0	1	0	0	1	1	0	0	1	0
"c322"	2	1	0	1	0	0	0	0	0	0	1	0	0	0	0	1	0	0	1	1	0	0	2	0	1	2	0	0	0	0	0	1	0	0	1	1	0	0	0	1	0	1	0	0	0	1	0	0	0	0
"c323"	2	1	0	1	0	0	0	0	0	0	1	0	0	0	0	1	0	0	1	1	0	0	2	0	1	2	0	0	0	0	0	1	0	0	1	1	0	0	0	1	0	1	0	0	0	1	0	0	0	0
"c324"	2	0	0	0	0	0	0	0	0	0	0	0	0	0	0	0	0	0	1	0	0	0	0	0	0	0	0	0	0	0	0	0	0	0	1	1	0	0	0	0	0	0	0	0	0	0	0	0	0	0
"c325"	2	1	0	1	0	1	0	1	0	0	1	1	0	0	0	1	1	0	1	1	0	0	2	1	1	2	0	0	0	0	0	1	0	0	1	1	0	0	0	1	0	1	0	0	1	1	0	0	0	0
"c326"	2	1	0	1	0	0	0	0	0	0	1	0	0	0	0	1	0	0	1	1	0	0	2	0	1	2	0	0	0	0	0	1	0	0	1	1	0	0	0	1	0	1	0	0	0	1	0	0	0	0
"c327"	2	0	0	0	0	0	0	0	0	0	0	0	0	0	0	0	0	0	1	0	0	0	0	0	0	0	0	0	0	0	0	0	0	0	1	1	0	0	0	0	0	0	0	0	0	0	0	0	0	0
"c328"	2	1	0	1	0	1	0	1	0	0	1	1	0	0	0	1	1	0	1	1	0	0	2	1	1	2	0	0	0	0	0	1	0	0	1	1	0	0	0	1	0	1	0	0	1	1	0	0	0	0
"c329"	2	1	0	1	1	0	1	0	0	0	1	0	1	0	0	1	0	0	1	1	1	1	2	0	1	2	0	0	0	0	1	1	0	0	1	1	0	0	0	1	1	1	2	0	0	1	0	1	0	0
"c330"	2	1	0	1	0	1	0	1	1	0	1	1	0	1	0	1	0	0	1	1	0	0	2	1	1	2	0	2	0	1	0	1	0	0	1	1	0	1	0	1	0	1	0	0	1	1	0	0	1	0
"c331"	2	1	0	1	0	0	1	0	0	0	1	0	0	0	0	1	0	0	1	1	1	0	2	0	1	2	0	0	0	0	0	1	0	0	1	1	0	0	0	2	0	1	0	0	0	1	0	0	0	0
"c332"	2	1	0	1	0	0	0	0	0	0	1	0	0	0	0	1	0	0	1	1	0	0	2	0	1	2	0	0	0	0	0	1	0	0	1	1	0	0	0	1	0	1	0	0	0	1	0	0	0	0
"c333"	2	1	0	1	0	1	0	1	1	0	1	1	0	1	0	1	1	0	1	1	0	0	2	1	0	2	0	2	0	1	0	1	0	0	1	1	0	1	0	1	0	1	0	0	1	1	0	0	1	0
"c334"	2	1	0	1	0	1	0	1	0	0	1	1	0	0	0	1	0	0	0	1	0	0	2	1	0	2	0	0	0	0	0	1	0	0	1	1	0	0	0	1	0	1	0	0	1	1	0	0	0	0
"c335"	2	1	0	0	0	0	0	0	0	0	0	0	0	0	0	0	0	0	1	1	0	0	2	0	0	0	0	0	0	0	0	1	0	0	1	1	0	0	0	0	0	0	0	0	0	1	0	0	0	0
"c336"	2	0	0	0	0	0	0	0	0	0	0	0	0	0	0	0	0	0	1	0	0	0	0	0	0	0	0	0	0	0	0	0	0	0	1	1	0	0	0	0	0	0	0	0	0	0	0	0	0	0
"c337"	2	1	0	1	0	1	0	0	1	0	1	1	0	1	1	1	1	0	1	1	0	0	2	1	1	2	0	2	0	1	0	1	0	0	1	1	0	1	0	1	0	1	0	0	1	1	0	0	1	0
"c338"	2	1	0	1	0	1	0	0	0	0	1	0	0	0	0	1	0	0	1	1	0	0	2	0	1	2	0	0	0	0	0	1	0	0	1	1	0	0	0	1	0	1	0	0	0	1	0	0	0	0
"c339"	2	1	0	1	0	0	0	0	0	1	1	0	0	0	1	1	0	1	1	1	0	0	2	0	1	2	1	0	0	0	0	2	1	0	1	1	0	0	0	1	0	1	0	0	0	1	0	0	0	0
"c340"	2	1	2	1	1	0	1	0	0	0	1	0	1	0	0	1	0	0	1	1	1	1	2	0	1	2	0	0	1	0	1	1	0	1	1	1	2	0	1	1	1	1	2	1	0	1	0	1	0	1
"c341"	2	1	0	1	0	0	1	0	0	0	1	0	0	0	0	1	0	0	1	1	1	0	2	0	1	2	0	0	0	0	0	1	0	0	2	1	0	0	0	1	0	1	0	0	0	1	0	0	0	0
"c342"	2	1	0	1	0	0	1	0	0	0	0	0	0	0	0	1	0	0	1	1	1	0	2	0	1	2	0	0	0	0	0	1	0	0	2	1	0	0	0	2	0	1	0	0	0	1	0	0	0	0
"c343"	2	1	0	1	0	1	0	1	1	0	1	1	0	1	0	1	1	0	1	1	0	0	2	1	1	2	0	1	0	1	0	1	0	0	1	1	0	1	0	2	0	1	0	0	1	1	0	0	1	0
"c344"	2	2	0	1	0	1	0	1	1	0	1	1	0	1	0	1	0	0	1	1	0	0	2	1	1	2	0	2	0	1	0	1	0	0	1	1	0	1	0	1	0	1	0	0	1	1	0	0	1	0
"c345"	2	1	0	1	0	0	0	0	0	0	1	0	0	0	0	1	0	0	1	1	0	0	2	0	1	2	0	0	0	0	0	1	0	0	1	1	0	0	0	1	0	1	0	0	0	1	0	0	0	0
"c346"	2	1	2	1	1	0	1	0	0	0	0	0	1	0	0	1	0	0	1	1	1	1	2	0	1	2	0	0	1	0	1	1	0	1	1	1	2	0	1	2	1	1	2	1	0	1	1	1	1	1
"c347"	2	1	0	1	0	0	1	0	0	0	0	0	0	0	0	1	0	0	1	1	1	0	1	0	0	1	0	0	0	0	0	1	0	0	1	1	0	0	0	1	0	1	0	0	0	1	0	0	0	0
"c348"	2	1	0	0	0	0	0	0	1	0	0	0	0	0	0	0	0	0	1	1	0	0	2	0	0	0	0	0	0	0	0	2	0	0	1	1	0	0	0	0	0	0	0	0	0	1	0	0	0	0
"c349"	2	1	0	1	0	0	1	0	0	0	1	0	0	0	0	1	0	0	1	1	1	0	2	0	1	2	0	0	0	0	0	1	0	0	1	1	0	0	0	2	0	1	0	0	0	1	0	0	0	0
"c350"	2	1	0	1	0	1	0	1	1	0	1	1	0	1	0	1	1	0	1	1	0	0	2	1	1	2	0	2	0	1	0	1	0	0	1	1	0	1	0	1	0	1	0	0	1	1	0	0	1	0
"c351"	2	0	0	0	0	0	0	0	0	0	0	0	0	0	0	0	0	0	1	0	0	0	0	0	0	0	0	0	0	0	0	0	0	0	1	1	0	0	0	0	0	0	0	0	0	0	0	0	0	0
"c352"	2	1	2	1	1	0	1	0	0	0	1	0	1	0	0	1	0	0	1	1	1	1	2	0	1	2	0	0	1	0	1	1	0	1	1	1	2	0	1	2	1	1	2	1	0	1	1	1	0	1
"c353"	2	1	0	1	0	0	0	0	0	0	1	0	0	0	0	1	0	0	1	1	0	0	2	0	1	2	0	0	0	0	0	1	0	0	1	1	0	0	0	1	0	1	0	0	0	1	0	0	0	0
"c354"	2	1	0	1	0	1	0	1	0	0	1	1	0	0	0	1	1	0	1	1	0	0	2	1	1	2	0	0	0	0	0	1	0	0	1	1	0	0	0	1	0	1	0	0	1	1	0	0	0	0
"c355"	2	1	0	1	0	1	0	1	0	0	1	1	0	0	0	1	1	0	1	1	0	0	2	1	0	2	0	0	0	0	0	1	0	0	1	1	0	0	0	1	0	1	0	0	1	1	0	0	0	0
"c356"	2	1	0	1	0	1	0	1	1	0	1	1	0	1	0	1	1	0	1	1	0	0	2	1	0	2	0	2	0	1	0	1	0	0	1	1	0	1	0	1	0	1	0	0	1	1	0	0	1	0
"c357"	2	1	2	1	1	0	1	0	0	0	1	0	2	0	0	1	0	0	1	1	1	1	2	0	1	2	0	0	1	0	1	1	0	1	1	1	2	0	1	1	1	1	2	1	0	1	1	1	0	1
"c358"	2	1	0	1	0	1	0	0	0	0	1	0	0	0	0	1	0	0	1	1	0	0	2	0	1	2	0	0	0	0	0	1	0	0	1	1	0	0	0	1	0	1	0	0	0	1	0	0	0	0
"c359"	2	1	0	1	0	1	0	0	0	0	1	0	0	0	0	1	0	0	1	1	0	0	2	0	1	2	0	0	0	0	0	1	0	0	1	1	0	0	0	1	0	1	0	0	0	1	0	0	0	0
"c360"	2	0	0	0	0	0	0	0	0	0	0	0	0	0	0	0	0	0	1	0	0	0	0	0	0	0	0	0	0	0	0	0	0	0	1	1	0	0	0	0	0	0	0	0	0	0	0	0	0	0
"c361"	2	0	0	0	0	0	0	0	0	0	0	0	0	0	0	0	0	0	1	0	0	0	0	0	0	0	0	0	0	0	0	0	0	0	1	1	0	0	0	0	0	0	0	0	0	0	0	0	0	0
"c362"	2	0	0	0	0	0	0	0	0	0	0	0	0	0	0	0	0	0	1	0	0	0	0	0	0	0	0	0	0	0	0	0	0	0	1	1	0	0	0	0	0	0	0	0	0	0	0	0	0	0
"c363"	2	1	2	1	1	0	1	0	0	0	1	0	1	0	0	1	0	0	1	1	1	1	2	0	1	2	0	0	1	0	1	1	0	1	1	1	2	0	1	1	1	1	2	1	0	1	1	1	0	1
"c364"	2	1	0	1	0	1	0	1	1	0	1	1	0	1	0	1	0	0	1	1	0	0	2	1	1	2	0	2	0	1	0	1	0	0	1	1	0	1	0	1	0	1	0	0	1	1	0	0	1	0
"c365"	2	1	0	1	0	1	0	0	0	0	1	0	0	0	0	1	1	0	1	1	0	0	2	0	1	2	0	0	0	0	0	1	0	0	1	1	0	0	0	1	0	1	0	0	0	1	0	0	0	0
"c366"	2	1	0	1	0	0	0	0	0	1	1	0	0	0	1	1	0	1	1	1	0	0	2	0	1	2	1	0	0	0	0	1	1	0	1	1	0	0	0	1	0	1	0	0	0	1	0	0	0	0
"c367"	2	1	0	1	0	0	1	0	0	0	1	0	0	0	0	1	0	0	1	1	1	0	2	0	1	1	0	0	0	0	0	1	0	0	1	1	0	0	0	1	0	1	0	0	0	1	0	0	0	0
"c368"	2	1	2	1	1	0	1	0	0	0	1	0	2	0	0	1	0	0	1	1	1	1	2	0	1	2	0	0	1	0	1	1	0	1	1	1	2	0	1	1	1	1	2	1	0	1	1	1	0	1
"c369"	2	1	0	1	0	1	0	1	1	0	1	1	0	1	0	1	0	0	1	1	0	0	2	1	1	2	0	2	0	1	0	1	0	0	1	1	0	1	0	1	0	1	0	0	1	1	0	0	1	0
"c370"	2	2	0	1	0	1	0	1	1	0	1	1	0	1	0	1	1	0	1	1	0	0	2	1	0	2	0	2	0	1	0	1	0	0	1	1	0	1	0	1	0	1	0	0	1	1	0	0	1	0
"c371"	2	1	0	1	0	1	0	1	1	0	1	1	0	0	0	1	1	0	1	1	0	0	2	1	1	2	0	2	0	1	0	1	0	0	1	1	0	1	0	1	0	1	0	0	1	1	0	0	1	0
"c372"	2	0	0	0	0	0	0	0	0	0	0	0	0	0	0	0	0	0	1	0	0	0	0	0	0	0	0	0	0	0	0	0	0	0	1	1	0	0	0	0	0	0	0	0	0	0	0	0	0	0
"c373"	2	0	0	0	0	0	0	0	0	0	0	0	0	0	0	0	0	0	1	0	0	0	0	0	0	0	0	0	0	0	0	0	0	0	1	1	0	0	0	0	0	0	0	0	0	0	0	0	0	0
"c374"	2	1	0	1	0	1	0	1	1	0	1	1	0	1	0	1	1	0	1	1	0	0	2	1	1	2	0	2	0	1	0	1	0	0	1	1	0	1	0	1	0	1	0	0	1	1	0	0	1	0
"c375"	2	1	0	1	0	1	0	1	0	0	1	1	0	0	0	1	1	0	1	1	0	0	2	1	1	2	0	0	0	0	0	1	0	0	1	1	0	0	0	1	0	1	0	0	1	1	0	0	0	0
"c376"	2	1	0	1	0	0	0	0	0	0	1	0	0	0	0	1	0	0	1	1	0	0	2	0	1	2	0	0	0	0	0	1	0	0	1	1	0	0	0	1	0	1	0	0	0	1	0	0	0	0
"c377"	2	1	0	1	0	1	0	1	1	0	1	1	0	1	0	1	1	0	1	1	0	0	2	1	1	2	0	2	0	1	0	1	0	0	1	1	0	1	0	1	0	1	0	0	1	1	0	0	1	0
"c378"	2	1	0	1	0	1	0	1	1	0	1	1	0	1	0	1	1	0	1	1	0	0	2	1	1	2	0	2	0	1	0	1	0	0	1	1	0	1	0	1	0	1	0	0	1	1	0	0	1	0
"c379"	2	1	0	1	0	1	0	1	1	0	1	1	0	1	0	1	1	0	1	1	0	0	2	2	1	2	0	2	0	1	0	1	0	0	1	1	0	1	0	1	0	1	0	0	1	1	0	0	1	0
"c380"	2	1	2	1	1	0	1	0	0	0	1	0	1	0	0	1	0	0	1	1	1	1	2	0	1	2	0	0	1	0	1	1	0	1	1	1	2	0	1	2	1	1	2	1	0	1	1	1	0	0
"c381"	2	1	0	1	0	1	0	0	1	0	1	1	0	0	0	1	0	0	0	1	0	0	2	1	1	2	0	2	0	1	0	1	0	0	1	1	0	1	0	1	0	1	0	0	1	1	0	0	1	0
"c382"	2	1	0	1	0	0	1	0	0	0	1	0	0	0	0	1	0	0	1	1	1	0	2	0	1	2	0	0	0	0	0	1	0	0	1	1	0	0	0	1	0	1	0	0	0	1	0	0	0	0
"c383"	2	1	1	1	1	0	1	0	0	0	1	0	1	0	0	1	0	0	1	1	1	1	2	0	0	2	0	0	1	0	1	1	0	1	1	1	1	0	1	1	1	1	2	1	0	1	1	1	0	0
"c384"	2	0	0	0	0	0	0	0	0	0	0	0	0	0	0	0	0	0	1	0	0	0	0	0	0	0	0	0	0	0	0	0	0	0	1	1	0	0	0	0	0	0	0	0	0	0	0	0	0	0
"c385"	2	1	0	1	1	0	1	0	0	0	1	0	1	0	0	1	0	0	1	1	1	1	2	0	1	2	0	0	0	0	1	1	0	0	1	1	0	0	0	1	1	1	2	0	0	1	0	1	0	0
"c386"	2	1	0	1	0	1	0	1	0	0	1	1	0	0	0	1	1	0	1	1	0	0	2	1	0	2	0	0	0	0	0	1	0	0	1	1	0	0	0	1	0	1	0	0	1	1	0	0	0	0
"c387"	2	1	0	1	0	1	0	1	1	0	1	1	0	1	0	1	0	0	1	1	0	0	2	1	1	2	0	1	0	1	0	1	0	0	1	1	0	1	0	1	0	1	0	0	1	1	0	0	1	0
"c388"	2	1	0	1	0	0	1	0	0	0	1	0	0	0	0	1	0	0	1	0	1	0	2	0	1	2	0	0	0	0	0	1	0	0	1	1	0	0	0	1	0	1	0	0	0	1	0	0	0	0
"c389"	2	1	0	1	0	1	0	1	1	0	0	1	0	1	0	1	0	0	1	1	0	0	2	2	1	2	0	2	0	1	0	1	0	0	1	1	0	1	0	1	0	1	0	0	1	1	0	0	1	0
"c390"	2	1	0	1	0	1	0	0	0	0	1	0	0	0	0	1	0	0	1	1	0	0	2	0	1	2	0	0	0	0	0	1	0	0	1	1	0	0	1	1	0	1	0	0	0	1	0	0	0	0
"c391"	2	1	1	1	1	0	1	0	0	0	0	0	1	0	0	1	0	0	1	1	1	1	2	0	0	1	0	0	1	0	1	1	0	1	1	1	1	0	1	2	1	1	1	1	0	1	1	1	0	1
"c392"	2	1	0	1	0	0	0	0	0	0	1	0	0	0	0	1	0	0	1	1	0	0	2	0	1	2	0	0	0	0	0	1	0	0	1	1	0	0	0	1	0	1	0	0	0	1	0	0	0	0
"c393"	2	1	0	1	0	1	0	1	1	0	1	1	0	1	0	1	1	0	1	1	0	0	2	1	1	2	0	2	0	1	0	1	0	0	1	1	0	1	0	1	0	1	0	0	1	1	0	0	1	0
"c394"	2	1	0	1	1	0	1	0	0	0	1	0	1	0	0	1	0	0	1	1	1	1	2	0	1	2	0	0	0	0	1	1	0	0	1	1	0	0	0	1	1	1	2	0	0	1	0	1	0	0
"c395"	2	1	0	1	0	1	0	1	0	0	1	1	0	0	0	1	0	0	1	1	0	0	2	1	1	2	0	1	0	0	0	1	0	0	1	1	0	0	0	1	0	1	0	0	1	1	0	0	0	0
"c396"	2	1	0	1	1	0	1	0	0	1	1	0	1	0	1	1	0	1	1	1	1	0	2	0	1	2	1	0	0	0	1	1	1	0	2	1	0	0	0	1	0	1	1	0	0	1	0	1	0	0
"c397"	2	1	0	1	0	0	0	0	0	0	1	0	0	0	0	1	0	0	1	1	0	0	2	0	1	2	0	0	0	0	0	1	0	0	1	1	0	0	0	1	0	1	0	0	0	1	0	0	0	0
"c398"	2	1	0	1	0	1	0	1	0	0	1	1	0	1	0	1	0	0	0	1	0	0	2	2	1	2	0	1	0	1	0	1	0	0	1	1	0	1	0	1	0	1	0	0	1	1	0	0	1	0
"c399"	2	1	0	1	0	1	0	1	1	0	0	1	0	0	0	1	0	0	1	1	0	0	1	1	0	1	0	1	0	0	0	1	0	0	1	1	0	1	0	1	0	1	0	0	1	1	0	0	1	0
"c400"	2	1	0	1	0	0	0	0	0	1	0	0	0	0	1	1	0	1	1	1	0	0	2	0	1	2	1	0	0	0	0	2	1	0	1	1	0	0	0	1	0	1	0	0	0	1	0	0	0	0
"c401"	2	1	0	1	0	1	0	1	0	0	1	1	0	0	1	1	0	0	1	1	0	0	2	1	1	2	0	0	0	0	0	1	0	0	1	1	0	0	0	1	0	1	0	0	1	1	0	0	0	0
"c402"	2	1	0	1	0	0	0	0	0	0	1	0	0	0	0	1	0	0	1	1	0	0	2	0	1	2	0	0	0	0	0	1	0	0	1	1	0	0	0	1	0	1	0	0	0	1	0	0	0	0
"c403"	2	1	1	1	1	1	1	0	0	0	1	0	1	0	0	1	0	0	1	1	1	0	2	0	1	2	0	0	1	0	1	1	0	1	1	1	1	0	0	1	1	1	1	1	0	1	1	1	0	0
"c404"	2	1	2	1	1	0	1	0	0	0	1	0	1	0	0	1	0	0	1	1	1	1	2	0	1	2	0	0	1	0	1	1	0	1	1	1	2	0	1	1	1	1	2	1	0	1	1	1	0	1
"c405"	2	1	0	1	0	1	0	1	1	0	1	1	0	1	0	1	1	0	1	1	0	0	2	1	1	2	0	2	0	1	0	1	0	0	1	1	0	1	0	1	0	1	0	0	1	1	0	0	1	0
"c406"	2	1	0	1	0	1	0	1	1	0	1	1	0	1	0	1	1	0	1	1	0	0	2	2	1	2	0	2	0	1	0	1	0	0	1	1	0	1	0	1	0	1	0	0	1	1	0	0	1	0
"c407"	2	1	0	1	1	0	1	0	0	0	1	0	1	0	0	1	0	0	1	1	1	1	2	0	1	2	0	0	0	0	1	1	0	0	1	1	0	0	0	1	1	1	2	0	0	1	0	1	0	0
"c408"	2	1	0	1	0	0	0	0	0	1	1	0	0	0	1	1	0	1	1	1	0	0	2	0	1	2	1	0	0	0	0	1	1	0	1	1	0	0	0	1	0	1	0	0	0	1	0	0	0	0
"c409"	2	1	0	1	1	0	1	0	0	0	1	0	1	0	0	1	0	0	1	1	1	1	2	0	1	2	0	0	0	0	1	1	0	0	1	1	0	0	0	1	1	1	2	0	0	1	0	1	0	0
"c410"	2	1	0	1	0	0	0	0	0	0	1	0	0	0	0	1	0	0	1	1	0	0	2	0	1	2	0	0	0	0	0	1	0	0	1	1	0	0	0	1	0	1	0	0	0	1	0	0	0	0
"c411"	2	2	1	1	1	1	1	1	1	0	1	1	1	1	0	1	0	0	1	1	1	1	2	1	1	2	0	1	1	0	1	1	0	1	2	1	1	1	1	1	1	1	1	1	1	1	1	1	1	1
"c412"	2	1	2	1	1	0	1	0	0	0	1	0	1	0	0	2	0	0	1	1	1	1	2	0	1	2	0	0	1	0	1	1	0	1	1	1	2	0	1	1	1	1	2	1	0	1	1	1	0	1
"c413"	2	2	0	1	0	1	0	1	1	0	1	1	0	1	0	1	0	0	1	1	0	0	2	1	1	2	0	2	0	1	0	1	0	0	1	1	0	1	0	1	0	1	0	0	1	1	0	0	1	0
"c414"	2	1	0	1	0	1	0	0	1	0	0	1	0	1	0	1	0	0	1	1	0	0	2	1	1	1	0	1	0	1	0	1	0	0	1	1	0	1	0	1	0	1	0	0	0	1	0	0	1	0
"c415"	2	1	0	1	0	1	0	1	0	0	1	1	0	0	0	1	1	0	1	1	0	0	2	1	1	2	0	0	0	0	0	1	0	0	1	1	0	0	0	1	0	1	0	0	1	1	0	0	0	0
"c416"	2	1	2	1	1	0	1	0	0	0	1	0	1	0	0	1	0	0	1	1	1	1	2	0	1	2	0	0	1	0	1	1	0	1	1	1	2	0	1	1	1	1	2	1	0	1	1	1	0	1
"c417"	2	1	0	1	0	1	0	1	1	0	1	1	0	1	0	1	1	0	1	1	0	0	2	2	1	2	0	2	0	1	0	1	0	0	1	1	0	1	0	1	0	1	0	0	1	1	0	0	1	0
"c418"	2	1	0	1	0	1	0	1	1	0	1	1	0	1	0	1	1	0	1	1	0	0	2	1	1	2	0	2	0	1	0	1	0	0	1	1	0	1	0	1	0	1	0	0	1	1	0	0	1	0
"c419"	2	1	2	1	1	0	1	0	0	0	1	0	1	0	0	1	0	0	1	1	1	1	2	0	1	2	0	0	1	0	1	1	0	1	1	1	2	0	1	1	1	1	2	1	0	1	1	1	0	1
"c420"	2	1	0	1	0	1	0	1	1	0	1	1	0	1	0	1	1	0	1	1	0	0	2	1	1	2	0	2	0	1	0	1	0	0	1	1	0	1	0	1	0	1	0	0	1	1	0	0	1	0
"c421"	2	1	0	1	0	1	0	1	1	0	1	1	0	1	0	1	1	0	1	1	0	1	2	1	0	2	0	2	0	1	0	1	0	0	1	1	0	1	0	1	0	1	0	0	1	1	0	0	1	0
"c422"	2	1	0	1	0	0	0	0	0	1	1	0	0	0	1	1	0	1	1	1	0	0	2	0	1	2	1	0	0	0	0	2	1	0	1	1	0	0	0	1	0	1	0	0	0	1	0	0	0	0
"c423"	2	1	0	1	0	1	0	0	0	0	1	0	0	0	0	1	0	0	1	1	0	0	2	0	1	2	0	0	0	0	0	1	0	0	1	1	0	0	0	1	0	1	0	0	0	1	0	0	0	0
"c424"	2	1	0	1	0	0	1	0	0	0	1	0	0	0	0	1	0	0	1	1	1	0	2	0	1	2	0	0	0	0	0	1	0	0	1	1	0	0	0	2	0	1	0	0	0	1	0	0	0	0
"c425"	2	1	0	0	0	0	0	0	0	0	0	0	0	0	0	0	0	0	1	1	0	0	2	0	0	0	0	0	0	0	0	1	0	0	1	1	0	0	0	0	0	0	0	0	0	1	0	0	0	0
"c426"	2	1	2	1	1	0	1	0	0	0	1	0	1	0	0	1	0	0	1	1	1	1	2	0	1	2	0	0	1	0	1	1	0	1	2	1	2	0	1	1	1	1	2	1	0	1	1	1	0	1
"c427"	2	1	0	1	1	0	1	0	0	0	1	0	1	0	0	1	0	0	1	1	1	1	2	0	1	2	0	0	0	0	1	1	0	0	1	1	0	0	0	2	1	1	2	0	0	1	0	1	0	0
"c428"	2	1	0	1	0	1	0	1	1	0	1	1	0	1	0	1	1	0	1	1	0	0	2	1	1	2	0	2	0	1	0	1	0	0	1	1	0	1	0	1	0	1	0	0	1	1	0	0	1	0
"c429"	2	2	0	1	0	1	0	1	1	0	1	1	0	1	0	1	1	0	1	1	0	0	2	1	1	2	0	2	0	1	0	1	0	0	1	1	0	1	0	1	0	1	0	0	1	1	0	0	1	0
"c430"	2	1	0	1	0	1	0	0	0	0	1	0	0	0	0	1	0	0	1	1	0	0	2	0	1	2	0	0	0	0	0	1	0	0	1	1	0	0	0	1	0	1	0	0	0	1	0	0	0	0
"c431"	2	1	0	1	0	0	0	0	0	1	1	0	0	0	1	1	0	1	1	1	0	0	1	0	1	1	1	0	0	0	0	1	1	0	1	1	0	0	0	1	0	0	0	0	0	1	0	0	0	0
"c432"	2	1	0	1	0	1	0	1	1	0	1	1	0	1	0	1	1	0	1	1	0	0	2	1	0	2	0	2	0	1	0	1	0	0	1	1	0	1	0	1	0	1	0	0	1	1	0	0	1	0
"c433"	2	1	0	1	0	1	0	1	1	0	1	1	0	1	0	1	1	0	1	1	0	0	2	1	1	2	0	2	0	1	0	1	0	0	1	1	0	1	0	1	0	1	0	0	1	1	0	0	1	0
"c434"	2	1	0	1	0	0	0	0	0	1	1	0	0	0	1	1	0	1	1	1	0	0	2	0	1	2	1	0	0	0	0	2	1	0	1	1	0	0	0	1	0	1	0	0	0	1	0	0	0	0
"c435"	2	0	0	0	0	0	0	0	0	0	0	0	0	0	0	0	0	0	1	0	0	0	0	0	0	0	0	0	0	0	0	0	0	0	1	1	0	0	0	0	0	0	0	0	0	0	0	0	0	0
"c436"	2	1	0	1	0	1	0	1	0	0	1	1	0	0	0	1	1	0	1	1	0	0	2	1	1	2	0	0	0	0	0	1	0	0	1	1	0	0	0	1	0	1	0	0	1	1	0	0	0	0
"c437"	2	1	0	1	0	1	0	0	0	0	1	1	0	0	0	1	1	0	1	1	0	0	2	1	0	1	0	0	0	0	0	1	0	0	1	1	0	0	0	1	0	1	0	0	1	1	0	0	0	0
"c438"	2	1	0	1	0	1	0	1	0	0	1	1	0	1	0	1	1	0	1	1	0	0	2	1	1	2	0	1	0	0	0	1	0	0	1	1	0	1	0	1	0	1	0	0	1	1	0	0	0	0
"c439"	2	1	0	1	0	1	0	1	1	0	1	1	0	1	0	1	1	0	1	1	0	0	2	1	0	2	0	2	0	1	0	1	0	0	1	1	0	1	0	1	0	1	0	0	1	1	0	0	1	0
"c440"	2	2	0	1	0	1	0	1	0	0	1	1	0	0	0	1	1	0	1	1	0	0	2	1	1	2	0	0	0	0	0	1	0	0	1	1	0	0	0	1	0	1	0	0	1	1	0	0	0	0
"c441"	2	1	0	1	0	0	0	0	0	1	1	0	0	0	1	1	0	1	1	1	0	0	2	0	1	2	1	0	0	0	0	1	1	0	1	1	0	0	0	1	0	1	0	0	0	1	0	0	0	0
"c442"	2	1	0	1	0	0	0	0	0	0	1	0	0	0	0	1	0	0	1	1	0	0	2	0	1	2	0	0	0	0	0	1	0	0	1	1	0	0	0	1	0	1	0	0	0	1	0	0	0	0
"c443"	2	1	2	1	1	0	1	0	0	0	1	0	1	0	0	2	0	0	1	1	1	1	2	0	1	2	0	0	1	0	1	1	0	1	1	1	2	0	1	2	1	1	2	1	0	1	1	1	0	1
"c444"	2	1	0	1	0	1	1	1	1	0	1	1	0	1	0	1	1	0	1	1	1	0	2	1	1	2	0	1	0	1	0	1	0	0	1	1	0	1	0	1	0	1	0	0	1	1	0	0	1	0
"c445"	2	1	2	1	1	0	1	0	0	0	1	0	1	0	0	1	0	0	1	1	1	1	2	0	1	2	0	0	1	0	1	1	0	1	1	1	2	0	1	1	1	1	2	1	0	1	1	1	0	1
"c446"	2	1	0	1	0	0	0	0	0	0	0	0	0	0	0	1	0	0	1	1	0	0	2	0	1	2	0	0	0	0	0	1	0	0	1	1	0	0	0	1	0	1	0	0	0	1	0	0	0	0
"c447"	2	0	0	0	0	0	0	0	0	0	0	0	0	0	0	0	0	0	1	0	0	0	0	0	0	0	0	0	0	0	0	0	0	0	1	1	0	0	0	0	0	0	0	0	0	0	0	0	0	0
"c448"	2	0	0	0	0	0	0	0	0	0	0	0	0	0	0	0	0	0	1	0	0	0	0	0	0	0	0	0	0	0	0	0	0	0	1	1	0	0	0	0	0	0	0	0	0	0	0	0	0	0
"c449"	2	1	0	1	0	1	0	1	1	0	1	1	0	1	0	1	0	0	1	1	0	0	2	2	1	2	0	2	0	1	0	1	0	0	1	1	0	1	0	1	0	1	0	0	1	1	0	0	1	0
"c450"	2	1	0	1	0	1	0	1	1	0	1	1	0	0	0	1	1	0	1	1	0	0	2	1	1	2	0	2	0	1	0	1	0	0	1	1	0	1	0	1	0	1	0	0	1	1	0	0	1	0
"c451"	2	1	0	1	0	1	0	1	1	0	1	1	0	1	0	1	0	0	1	1	0	0	2	1	1	2	0	2	0	1	0	1	0	0	1	1	0	1	0	1	0	1	0	0	1	1	0	0	1	0
"c452"	2	1	0	1	0	0	0	0	0	1	1	0	0	0	1	1	0	1	1	1	1	0	2	0	1	2	1	0	0	0	0	1	1	0	1	1	0	0	0	1	0	1	0	0	0	1	0	0	0	0
"c453"	2	1	0	1	1	0	1	0	0	0	1	0	1	0	0	1	0	0	1	1	1	1	2	0	0	2	0	0	0	0	1	1	0	0	2	1	0	0	0	1	1	1	2	0	0	1	0	1	0	0
"c454"	2	1	0	1	0	1	0	1	0	0	1	1	0	1	0	1	0	0	1	1	0	0	2	1	1	2	0	2	0	1	0	1	0	0	1	1	0	1	0	1	0	1	0	0	1	1	0	0	1	0
"c455"	2	1	0	1	0	0	1	0	0	0	1	0	0	0	0	1	0	0	1	0	1	0	1	0	1	1	0	0	0	0	0	1	0	0	1	1	0	0	0	1	0	1	0	0	0	1	0	0	0	0
"c456"	2	1	0	1	0	1	0	1	1	0	1	1	0	1	0	1	1	0	1	1	0	0	2	1	1	2	0	2	0	1	0	1	0	0	1	1	0	1	0	1	0	1	0	0	1	1	0	0	1	0
"c457"	2	1	2	1	1	0	1	0	0	0	1	0	1	0	0	1	0	0	1	1	1	1	2	0	1	2	0	0	1	0	1	1	0	1	1	1	2	0	1	2	1	1	2	1	0	1	1	1	0	1
"c458"	2	1	0	1	0	1	0	1	1	0	1	1	0	1	0	1	1	0	1	1	0	0	2	1	1	2	0	2	0	1	0	1	0	0	1	1	0	1	0	1	0	1	0	0	1	1	0	0	1	0
"c459"	2	1	0	1	0	0	0	0	0	0	1	0	0	0	0	1	0	0	1	1	0	0	2	0	1	2	0	0	0	0	0	1	0	0	1	1	0	0	0	1	0	1	0	0	0	1	0	0	0	0
"c460"	2	1	0	1	0	1	0	1	0	0	0	1	0	0	0	1	1	0	1	1	0	0	2	1	1	2	0	0	0	0	0	1	0	0	1	1	0	0	0	1	0	1	0	0	1	1	0	0	0	0
"c461"	2	1	0	1	0	0	1	0	0	0	1	0	0	0	0	1	0	0	1	1	1	0	2	0	1	2	0	0	0	0	0	1	0	0	1	1	0	0	0	1	0	1	0	0	0	1	0	0	0	0
"c462"	2	1	0	1	1	0	1	0	0	0	1	0	1	0	0	1	0	0	1	1	1	1	2	0	0	2	0	0	0	0	1	1	0	0	1	1	0	0	0	1	1	1	2	0	0	1	0	1	0	0
"c463"	2	1	2	1	1	0	1	0	0	0	1	0	1	0	0	2	0	0	1	1	1	1	2	0	1	2	0	0	1	0	1	1	0	1	2	1	2	0	1	1	1	1	2	1	0	1	1	1	0	1
"c464"	2	1	0	1	0	1	0	0	0	0	1	0	0	0	0	1	0	0	1	1	0	0	2	0	1	2	0	0	0	0	0	1	0	0	1	1	0	0	0	1	0	1	0	0	0	1	0	0	0	0
"c465"	2	1	2	1	1	0	1	0	0	0	0	0	2	0	0	1	0	0	1	1	1	1	2	0	1	2	0	0	1	0	1	1	0	1	2	1	2	0	1	1	1	1	2	1	0	1	0	1	0	1
"c466"	2	1	0	1	0	1	0	1	1	0	1	1	0	1	0	1	1	0	1	1	0	0	2	1	1	2	0	1	0	1	0	1	0	0	1	1	0	1	0	1	0	1	0	0	0	1	0	0	1	0
"c467"	2	1	0	1	0	1	0	1	1	0	1	1	0	1	0	1	1	0	1	1	1	0	2	1	1	2	0	2	0	1	0	1	0	0	1	1	0	1	0	1	0	1	0	0	1	1	0	0	1	0
"c468"	2	1	0	1	0	1	0	1	1	0	1	1	0	1	0	1	0	0	1	1	0	0	2	1	1	2	0	2	0	1	0	1	0	0	1	1	0	1	0	1	0	1	0	0	1	1	0	0	1	0
"c469"	2	1	0	1	0	1	0	1	1	0	1	1	0	1	0	1	1	0	1	1	0	0	2	2	1	2	0	2	0	1	0	1	0	0	1	1	0	1	0	1	0	1	0	0	1	1	0	0	1	0
"c470"	2	1	0	1	0	1	0	1	1	0	1	1	0	1	0	1	1	0	1	1	0	0	2	1	1	2	0	2	0	1	0	1	0	0	1	1	0	1	0	1	0	1	0	0	1	1	0	0	1	0
"c471"	2	1	0	1	0	1	0	1	1	0	1	1	0	1	0	1	1	0	1	1	0	0	2	1	1	2	0	2	0	1	0	1	0	0	1	1	0	1	0	1	0	1	0	0	1	1	0	0	1	0
"c472"	2	1	1	1	1	1	1	1	1	0	1	1	1	1	0	1	0	0	1	1	1	1	2	1	1	2	0	1	1	1	1	1	0	1	1	1	1	1	1	1	1	1	1	0	1	1	1	1	1	0
"c473"	2	1	0	1	0	0	1	0	0	0	1	0	0	0	0	1	0	0	1	1	1	0	2	0	1	2	0	0	0	0	0	1	0	0	1	1	0	0	0	1	0	1	0	0	0	1	0	0	0	0
"c474"	2	1	0	1	0	1	0	1	1	0	1	1	0	1	0	1	1	0	1	1	0	0	2	1	1	2	0	2	0	1	0	1	0	0	1	1	0	1	0	1	0	1	0	0	1	1	0	0	1	0
"c475"	2	1	0	1	0	1	0	1	0	0	1	1	0	1	0	1	1	0	1	1	0	0	2	1	1	2	0	1	0	1	0	1	0	0	1	1	0	1	0	1	0	1	0	0	1	1	0	0	1	0
"c476"	2	1	0	1	0	1	0	1	0	0	1	2	0	0	0	1	1	0	1	1	0	0	2	1	1	2	0	0	0	0	0	1	0	0	1	1	0	0	0	1	0	1	0	0	1	1	0	0	0	0
"c477"	2	1	0	1	0	1	0	1	1	0	1	1	0	1	0	1	0	0	1	1	0	0	2	1	1	2	0	1	0	1	0	1	0	0	1	1	0	1	0	1	0	1	0	0	1	1	0	0	1	0
"c478"	2	1	0	1	0	1	0	0	0	0	1	0	0	0	0	1	0	0	1	1	0	0	2	0	1	2	0	0	0	0	0	1	0	0	1	1	0	0	0	1	0	1	0	0	0	1	0	0	0	0
"c479"	2	0	0	0	0	0	0	0	0	0	0	0	0	0	0	0	0	0	1	0	0	0	0	0	0	0	0	0	0	0	0	0	0	0	1	1	0	0	0	0	0	0	0	0	0	0	0	0	0	0
"c480"	2	1	0	1	0	0	0	0	0	0	1	0	0	0	0	1	0	0	1	1	0	0	2	0	1	2	0	0	0	0	0	1	0	0	1	1	0	0	0	1	0	1	0	0	0	1	0	0	0	0
"c481"	2	1	0	1	0	0	0	0	0	0	1	0	0	0	0	1	0	0	1	1	0	0	2	0	1	2	0	0	0	0	0	1	0	0	1	1	0	0	0	1	0	1	0	0	0	1	0	0	0	0
"c482"	2	1	0	1	0	1	0	1	1	0	1	1	0	1	0	1	1	0	1	1	0	0	2	1	1	2	0	2	0	1	0	1	0	0	1	0	0	1	0	1	0	1	0	0	1	1	0	0	1	0
"c483"	2	1	0	1	0	0	0	0	0	0	1	0	0	0	0	1	0	0	1	1	0	0	2	0	1	2	0	0	0	0	0	1	0	0	1	1	0	0	0	1	0	1	0	0	0	1	0	0	0	0
"c484"	2	1	0	1	0	1	0	1	1	0	1	1	0	1	0	1	0	0	1	1	0	0	2	1	1	2	0	2	0	1	0	1	0	0	1	1	0	1	0	1	0	1	0	0	1	1	0	0	1	0
"c485"	2	1	0	1	0	1	0	1	1	0	1	1	0	1	0	1	1	0	1	1	0	0	2	1	1	2	0	2	0	1	0	1	0	0	1	1	0	1	0	1	0	1	0	0	1	1	0	0	1	0
"c486"	2	1	0	1	0	1	0	1	1	0	1	1	0	1	0	1	1	0	1	1	0	0	2	1	1	2	0	2	0	1	0	1	0	0	1	1	0	1	0	1	0	1	0	0	1	1	0	0	1	0
"c487"	2	1	0	1	0	0	0	0	0	1	1	0	0	0	1	1	0	1	1	1	0	0	2	0	1	2	1	0	0	0	0	1	1	0	1	1	0	0	0	1	0	1	0	0	0	1	0	0	0	0
"c488"	2	1	0	1	0	0	1	0	0	0	1	0	0	1	0	1	0	0	1	1	1	0	2	0	0	2	0	0	0	0	0	1	0	0	1	1	0	0	0	2	0	1	0	0	0	1	0	0	0	0
"c489"	2	1	0	0	0	0	0	0	0	0	0	0	0	0	0	0	0	0	1	1	0	0	2	0	0	0	0	0	0	0	0	1	0	0	1	1	0	0	0	0	0	0	0	0	0	1	0	0	0	0
"c490"	2	1	0	1	0	0	0	0	0	0	1	0	0	0	0	1	0	0	1	1	0	0	2	0	0	2	0	0	0	0	0	1	0	0	1	1	0	0	0	1	0	1	0	0	0	1	0	0	0	0
"c491"	2	0	0	0	0	0	0	0	0	0	0	0	0	0	0	0	0	0	1	0	0	0	0	0	0	0	0	0	0	0	0	0	0	0	1	1	0	0	0	0	0	0	0	0	0	0	0	0	0	0
"c492"	2	1	0	1	0	0	0	0	0	0	0	0	0	0	0	1	0	0	1	1	0	0	2	0	1	2	0	0	0	0	0	1	0	0	1	1	0	0	0	1	0	1	0	0	0	1	0	0	0	0
"c493"	2	1	0	1	0	0	0	0	0	1	0	0	0	0	1	1	0	1	1	1	0	0	2	0	1	2	1	0	0	0	0	1	1	0	1	1	0	0	0	1	0	1	0	0	0	1	0	0	0	0
"c494"	2	2	0	1	0	1	0	1	0	0	1	1	0	0	0	1	1	0	1	1	0	0	2	1	1	2	0	1	0	1	0	1	0	0	1	1	0	1	0	1	0	1	0	0	1	1	0	0	1	0
"c495"	2	1	2	1	1	0	1	0	0	0	1	0	1	0	0	1	0	0	1	1	1	1	2	0	0	2	0	0	1	0	1	1	0	1	1	1	2	0	1	1	1	1	2	1	0	1	1	1	0	1
"c496"	2	1	0	1	0	0	0	0	0	1	1	0	0	0	1	1	0	1	1	1	0	0	2	0	1	2	1	0	0	0	0	1	1	0	1	1	0	0	0	1	0	1	0	0	0	1	0	0	0	0
"c497"	2	1	0	1	0	0	0	0	0	0	1	0	0	0	0	1	0	0	1	1	0	0	2	0	1	2	0	0	0	0	0	1	0	0	1	1	0	0	0	1	0	1	0	0	0	1	0	0	0	0
"c498"	2	1	0	1	0	1	0	1	1	0	1	1	0	1	0	1	1	0	1	1	0	0	2	1	1	2	0	2	0	1	0	1	0	0	1	1	0	1	0	1	0	1	0	0	1	1	0	0	1	0
"c499"	2	1	0	1	0	0	1	0	0	0	0	0	0	0	0	1	0	0	1	1	1	0	2	0	1	2	0	0	0	0	0	1	0	0	1	1	0	0	0	1	0	1	0	0	0	1	0	0	0	0
"c500"	2	1	0	1	0	1	0	1	0	0	1	1	0	0	0	1	1	0	1	1	0	0	2	1	1	2	0	0	0	0	0	1	0	0	1	1	0	0	0	1	0	1	0	0	1	1	0	0	0	0
