"cell_id"	"chr10.112361870.A.G"	"chr10.112363099.G.A"	"chr11.119148573.G.T"	"chr11.32417945.T.C"	"chr17.29508775.G.A"	"chr17.29552261.C.T"	"chr17.29559932.C.A"	"chr17.7577581.A.G"	"chr17.7578115.T.C"	"chr17.7578211.C.T"	"chr17.7579472.G.C"	"chr17.7579801.G.C"	"chr18.42532606.G.A"	"chr18.42533130.A.G"	"chr2.25463483.G.A"	"chr20.31024274.T.C"	"chr21.36421036.T.C"	"chr21.44514809.G.A"	"chr3.128200806.G.A"	"chr4.106158216.G.A"	"chr4.106190862.T.C"	"chr4.55599436.T.C"	"chr7.140449071.C.G"	"chr7.140481511.A.C"	"chr7.148504818.A.G"	"chr7.148543525.A.G"
"c1"	2	1	1	1	1	1	1	0	2	0	0	2	1	2	0	1	2	1	0	0	0	1	2	0	0	2
"c2"	2	0	1	1	1	0	1	0	2	0	0	2	1	2	0	1	2	1	0	1	0	1	2	0	0	2
"c3"	2	1	1	1	1	1	1	0	2	0	0	2	1	2	0	0	2	1	0	1	0	1	2	3	0	2
"c4"	2	1	1	1	1	1	1	0	2	0	0	0	1	2	0	1	2	0	3	1	1	1	2	0	0	2
"c5"	2	1	2	0	0	0	2	1	1	1	1	1	0	2	1	0	1	0	1	2	2	0	2	1	1	2
"c6"	2	1	2	0	0	0	2	0	0	2	1	0	0	2	1	0	1	0	0	2	2	0	2	1	1	2
"c7"	2	1	1	1	1	1	1	0	2	0	0	2	1	2	0	1	2	0	0	1	0	1	2	0	0	2
"c8"	2	1	2	0	0	0	2	1	1	1	1	1	0	2	1	0	1	0	2	1	2	0	2	1	1	2
"c9"	2	3	0	1	2	2	0	0	3	3	3	3	0	2	3	0	2	1	0	0	0	3	2	0	0	2
"c10"	2	1	1	1	1	1	1	3	2	0	0	3	1	2	0	1	2	0	0	1	1	1	2	3	0	2
"c11"	2	1	2	0	0	0	2	1	1	1	1	1	0	2	0	0	1	0	0	2	2	0	2	1	1	2
"c12"	2	1	2	0	1	0	2	1	1	1	1	1	0	2	1	0	1	0	0	2	2	0	2	0	1	2
"c13"	2	1	2	0	0	0	2	1	1	1	1	1	0	2	1	0	1	0	0	2	2	0	2	1	1	2
"c14"	2	0	2	0	0	0	2	0	1	1	1	2	0	2	1	0	0	0	1	2	2	0	2	1	2	2
"c15"	2	1	1	1	1	1	1	0	2	0	0	2	1	2	0	1	2	1	0	1	1	1	2	0	0	2
"c16"	2	1	2	0	0	0	2	1	1	1	1	1	0	2	0	0	1	0	0	2	2	0	2	1	1	2
"c17"	2	2	1	1	1	2	1	0	2	0	0	2	1	2	0	2	2	1	0	1	0	1	2	0	0	2
"c18"	2	1	2	0	0	0	2	1	1	1	1	1	0	2	0	0	1	0	1	2	2	0	2	1	1	2
"c19"	2	2	2	0	0	0	2	1	1	1	1	1	0	2	1	0	1	0	0	2	2	0	2	1	1	2
"c20"	2	1	1	1	1	0	1	0	2	0	3	2	1	2	0	1	2	1	0	1	0	1	2	0	0	2
"c21"	2	1	2	0	0	0	2	1	1	1	1	0	0	2	1	0	1	0	0	2	2	0	2	1	1	2
"c22"	2	1	2	0	0	0	2	1	1	1	1	1	0	2	1	0	1	0	0	2	2	0	2	1	1	2
"c23"	2	2	1	1	1	1	1	0	2	0	0	2	1	2	0	1	2	1	0	1	0	1	2	0	0	2
"c24"	2	1	2	0	0	0	0	1	1	1	1	1	0	2	1	0	1	0	1	2	2	0	2	1	1	2
"c25"	2	1	1	1	1	1	1	0	2	0	0	2	1	2	0	1	2	1	0	1	1	1	2	0	0	2
"c26"	2	1	1	1	1	0	1	1	1	1	1	1	1	2	1	1	1	1	1	1	2	1	2	1	1	2
"c27"	2	1	2	0	0	0	2	1	1	1	1	1	0	2	1	0	1	0	1	2	2	0	2	1	1	2
"c28"	2	1	1	1	1	1	1	0	2	0	0	2	1	2	0	1	2	0	3	1	1	1	3	3	3	3
"c29"	2	1	0	1	1	1	1	0	2	0	0	2	1	2	0	1	2	0	0	1	1	1	2	0	0	2
"c30"	2	1	2	0	0	0	2	1	1	1	1	1	0	2	1	0	1	0	3	1	2	0	2	1	1	2
"c31"	2	0	0	1	1	1	1	0	2	0	0	2	0	2	0	1	2	1	0	1	2	1	2	0	0	2
"c32"	2	1	1	1	1	0	1	0	0	0	0	2	1	2	0	1	2	1	0	1	1	1	2	0	0	2
"c33"	2	1	1	1	1	1	1	0	2	0	0	2	1	2	0	1	2	1	0	1	2	1	2	0	0	2
"c34"	2	1	2	0	0	0	2	1	0	1	1	2	0	2	1	0	1	0	3	2	2	0	2	0	1	2
"c35"	2	1	2	0	0	0	2	1	2	0	2	2	0	2	1	0	1	0	3	2	2	0	2	1	1	2
"c36"	2	0	2	0	0	0	2	2	1	2	1	1	0	2	1	0	2	0	2	2	2	0	2	2	0	2
"c37"	2	1	2	0	0	0	2	1	1	1	1	1	0	2	1	0	1	0	1	2	2	0	2	1	0	2
"c38"	0	1	2	0	0	0	2	2	2	0	2	2	0	2	1	0	2	0	1	2	0	0	2	1	1	2
"c39"	2	0	1	1	1	1	1	0	2	0	0	2	1	2	0	1	2	2	0	1	1	0	2	0	0	2
"c40"	2	1	2	0	0	0	0	2	1	1	1	2	0	2	2	0	1	0	3	2	0	0	2	1	1	2
"c41"	2	1	1	1	1	1	1	0	2	0	0	2	1	2	0	1	2	1	0	1	0	1	2	0	0	2
"c42"	2	1	2	0	0	0	1	1	1	1	1	1	0	2	1	0	1	0	0	2	2	0	2	1	1	2
"c43"	2	1	2	0	0	0	2	1	1	1	1	2	0	2	1	0	1	0	0	2	2	0	2	1	1	2
"c44"	2	1	1	1	1	2	1	0	2	0	0	2	1	2	0	1	2	1	0	1	1	1	2	0	0	2
"c45"	2	1	2	0	0	0	2	1	1	1	1	1	0	2	1	0	1	0	1	2	2	0	2	1	1	2
"c46"	2	2	2	0	0	0	2	0	0	2	0	0	0	2	2	0	1	0	2	2	2	0	2	1	1	2
"c48"	2	1	1	1	1	2	1	0	2	0	0	2	2	2	0	1	2	1	0	1	0	1	2	0	0	2
"c49"	2	1	1	1	1	1	1	0	2	0	0	2	1	2	0	1	2	1	0	1	1	1	2	0	0	2
"c50"	2	1	2	1	2	1	1	0	2	0	0	2	1	2	0	1	2	1	0	1	0	1	2	0	0	2
"c51"	2	1	1	1	1	1	1	0	2	0	0	2	1	2	0	1	2	0	0	1	0	1	2	0	0	2
"c52"	2	1	2	0	0	0	2	1	1	1	1	1	0	2	0	0	1	0	3	2	2	0	2	1	1	2
"c53"	2	1	2	0	0	0	2	1	1	1	1	1	0	2	0	0	1	0	0	1	2	0	2	1	1	2
"c54"	2	1	2	0	1	0	2	1	1	1	1	1	0	2	1	0	1	0	1	1	2	0	2	1	1	2
"c55"	2	0	2	0	0	0	1	1	1	1	1	1	0	2	1	0	1	0	0	1	2	0	2	1	1	2
"c56"	2	1	1	1	1	1	1	0	2	0	0	2	1	2	0	1	2	1	0	1	1	1	2	0	0	2
"c57"	2	1	1	1	1	1	1	0	2	0	0	2	1	2	0	1	2	1	0	1	1	1	2	0	0	2
"c58"	2	1	2	0	0	0	2	1	1	1	1	1	0	2	1	0	1	1	2	2	2	0	2	1	1	2
"c59"	2	2	1	0	1	0	1	0	0	0	3	3	1	2	0	1	2	1	0	1	0	1	2	0	0	2
"c60"	2	1	2	0	1	0	2	0	1	1	0	0	0	2	1	0	1	0	2	2	2	0	2	1	1	2
"c61"	2	0	2	0	0	0	1	1	1	1	1	1	0	2	1	0	1	0	0	2	2	0	2	1	1	2
"c62"	2	1	1	1	1	1	1	0	2	0	0	2	1	2	0	1	2	1	0	1	1	1	2	0	0	2
"c63"	2	1	1	1	3	1	2	0	2	0	0	2	1	2	0	1	2	1	0	1	1	1	2	0	0	2
"c64"	2	1	1	1	1	1	1	0	2	0	0	2	1	2	0	1	2	1	0	1	1	1	2	0	0	2
"c65"	2	0	1	1	1	1	1	0	2	0	0	2	1	2	0	1	1	1	0	0	1	1	2	0	0	2
"c66"	2	1	2	0	0	0	2	1	1	1	1	1	0	2	1	0	1	0	2	2	2	0	2	1	1	2
"c67"	0	1	2	0	0	0	2	1	0	1	1	2	0	2	2	0	1	0	2	2	2	0	2	1	1	2
"c68"	2	1	1	1	1	1	1	0	2	0	0	2	1	2	0	1	2	1	0	1	1	1	2	0	0	2
"c69"	0	1	2	0	0	0	2	1	1	1	0	1	0	2	0	0	1	0	0	2	0	0	2	1	1	2
"c70"	2	1	1	1	1	1	1	0	2	0	0	2	1	2	0	1	2	1	0	0	1	1	2	0	0	2
"c71"	2	0	1	0	1	1	1	0	2	0	0	2	1	2	0	1	2	2	0	1	2	1	2	0	0	2
"c72"	2	1	1	1	1	1	1	0	2	0	0	2	1	2	0	2	2	1	0	1	2	1	2	0	0	2
"c73"	2	1	1	1	1	1	1	0	2	0	0	2	1	2	0	1	2	1	0	1	1	1	2	0	0	2
"c74"	2	1	1	1	1	1	1	0	2	0	0	2	1	2	0	1	2	1	0	1	1	1	2	0	0	2
"c75"	2	1	2	0	0	0	2	1	1	1	1	1	0	2	1	0	1	3	0	2	2	0	2	1	1	2
"c76"	2	1	2	0	0	0	1	1	1	1	1	1	0	2	2	0	1	0	0	0	2	0	2	1	1	2
"c77"	2	1	2	0	0	0	2	1	1	1	1	1	0	2	1	0	1	0	3	2	2	0	2	1	1	2
"c78"	2	1	1	1	1	1	1	0	2	0	0	2	1	2	0	1	2	1	0	1	1	1	2	0	0	2
"c79"	2	1	1	1	1	1	1	0	2	0	0	2	1	2	0	1	2	1	0	0	0	1	2	0	0	2
"c80"	2	1	2	0	0	0	2	1	1	1	1	1	0	2	1	0	1	0	3	2	2	0	2	1	1	2
"c81"	2	1	2	0	0	0	2	1	1	1	1	1	0	2	1	0	1	0	3	2	2	0	1	1	1	2
"c82"	2	1	1	1	1	1	1	0	2	0	0	0	1	2	0	1	2	1	0	1	1	1	2	0	0	2
"c83"	2	1	2	0	0	0	2	1	1	1	1	1	0	2	0	0	1	0	2	2	2	0	2	1	1	2
"c84"	2	0	1	1	0	1	1	0	2	0	0	2	1	2	0	1	2	1	0	1	0	1	2	3	0	2
"c85"	2	1	1	1	1	1	1	0	2	0	0	2	1	2	0	1	2	1	0	1	1	1	2	0	0	2
"c86"	2	1	1	1	0	1	1	0	2	0	0	2	0	2	0	1	2	1	0	0	1	1	2	0	0	2
"c87"	2	1	1	1	1	1	1	0	2	0	0	2	1	2	0	1	2	2	0	1	2	1	2	0	0	2
"c88"	2	1	2	0	0	0	2	1	1	1	1	1	0	2	1	0	1	0	1	1	2	0	1	1	1	2
"c89"	2	0	1	1	1	2	1	0	2	0	0	2	0	2	0	1	2	1	0	1	2	1	2	0	3	2
"c90"	2	1	2	0	0	0	2	1	1	1	1	1	0	2	1	0	1	0	0	2	2	0	2	1	1	2
"c91"	2	1	1	1	1	1	1	0	2	0	0	2	1	2	0	1	2	1	0	1	1	1	2	0	0	2
"c92"	2	0	2	0	0	0	2	0	0	2	1	0	0	2	2	0	1	0	0	2	2	0	2	2	1	2
"c93"	2	1	1	1	1	1	1	0	2	0	0	2	1	2	0	1	2	1	0	1	1	1	2	0	0	2
"c94"	2	1	2	0	0	0	2	1	1	1	1	1	0	2	1	0	1	0	2	2	2	0	2	1	1	2
"c95"	2	1	1	1	1	1	1	0	2	0	0	2	1	2	0	1	2	1	0	1	0	1	2	0	0	2
"c96"	1	1	1	1	1	1	1	1	1	1	1	1	1	2	1	1	1	1	1	1	1	1	2	1	1	2
"c97"	2	1	2	0	0	0	2	1	0	2	1	1	0	2	0	0	1	0	2	2	2	0	2	1	0	2
"c98"	2	1	1	1	1	1	1	1	1	1	1	1	0	2	1	1	1	1	1	1	1	1	2	1	1	2
"c99"	2	1	1	1	2	1	1	0	2	0	0	2	1	2	0	1	2	1	0	1	1	1	2	0	0	2
"c100"	2	1	2	0	0	0	2	1	1	1	1	1	0	2	2	0	1	0	1	1	2	0	2	1	1	2
"c101"	2	1	1	1	1	1	1	0	2	0	0	2	1	2	0	1	2	1	0	0	1	1	2	0	0	2
"c102"	2	1	1	1	1	1	1	0	2	0	0	2	1	2	0	1	2	1	0	1	1	1	2	0	0	2
"c103"	2	1	2	0	0	0	2	1	1	1	1	1	0	2	1	0	0	0	1	2	2	0	2	1	1	2
"c104"	2	1	2	0	0	0	2	1	1	1	1	1	0	2	1	0	1	0	1	1	2	0	2	1	1	2
"c105"	2	0	2	0	0	0	2	1	1	1	1	1	0	2	0	0	1	0	2	2	2	0	2	1	1	2
"c106"	2	1	2	0	0	0	2	0	1	1	1	1	0	2	1	0	1	0	2	2	2	0	2	2	1	2
"c107"	2	1	2	0	0	0	2	1	1	1	1	1	0	2	1	0	1	0	2	2	2	0	2	1	1	2
"c108"	2	1	1	1	1	0	2	0	2	0	0	2	1	2	0	1	2	1	3	1	0	1	0	0	0	2
"c109"	2	1	2	0	0	0	1	1	1	1	1	1	0	2	1	0	1	0	0	2	2	0	2	1	1	2
"c110"	2	0	2	0	0	0	1	1	1	1	1	1	0	2	2	1	1	0	1	1	2	0	2	1	1	2
"c111"	2	1	1	1	1	2	1	0	2	0	0	2	2	2	0	1	2	1	0	2	2	1	2	0	0	2
"c112"	2	1	1	1	1	1	1	0	2	0	0	0	1	2	0	1	2	1	0	1	1	1	2	0	0	2
"c113"	2	1	2	0	0	0	2	1	1	1	1	1	0	2	1	0	1	0	1	2	2	0	2	1	1	2
"c114"	2	1	2	0	0	0	2	1	1	1	1	1	0	2	1	0	1	0	2	1	2	0	2	1	1	2
"c115"	2	1	1	1	1	1	1	0	2	0	0	2	1	2	0	1	2	1	0	1	1	1	2	0	0	2
"c116"	2	1	1	1	1	1	1	0	2	0	0	2	1	2	0	1	2	1	0	0	1	1	2	0	0	2
"c117"	2	2	2	0	0	0	2	1	1	1	1	1	0	2	1	0	1	0	2	2	2	0	2	1	1	2
"c118"	2	1	1	1	0	1	1	0	2	0	0	2	1	2	0	1	2	1	0	1	1	1	2	0	0	2
"c119"	2	1	1	1	1	1	1	0	2	0	0	2	1	2	0	1	2	1	0	1	1	1	2	0	0	2
"c120"	2	2	1	1	1	1	1	0	2	0	0	2	1	2	0	1	2	1	0	1	1	1	2	0	0	2
"c121"	2	1	1	1	1	1	1	0	2	0	0	2	1	2	0	1	2	1	0	1	1	1	2	0	0	2
"c122"	2	1	1	1	1	1	1	0	2	0	0	2	1	2	0	1	2	1	0	1	1	1	2	0	0	2
"c123"	2	1	1	1	1	1	1	0	2	0	0	2	1	2	0	1	2	1	0	1	1	1	2	0	0	2
"c124"	2	1	2	0	0	0	2	1	1	1	1	1	0	2	1	0	1	0	0	2	2	0	2	1	1	2
"c125"	2	1	1	1	1	1	1	0	2	0	0	2	1	2	0	1	2	1	0	1	1	1	2	0	0	2
"c126"	2	1	2	0	0	0	2	1	1	1	1	1	0	2	0	0	1	0	0	1	2	0	2	1	1	2
"c127"	2	1	2	0	0	0	2	1	1	1	1	1	0	2	1	0	1	0	1	2	2	0	2	1	1	2
"c129"	2	1	2	0	0	0	2	1	1	1	1	1	0	2	1	0	1	0	2	2	2	0	2	1	1	2
"c130"	2	1	2	0	0	0	2	1	1	1	1	1	0	2	0	0	1	0	1	2	2	0	2	1	1	2
"c131"	2	1	2	0	1	0	1	1	1	1	1	1	0	2	0	0	1	0	0	2	2	0	2	1	1	2
"c132"	2	1	1	1	1	1	1	0	2	0	0	2	1	2	0	1	2	1	0	1	1	1	2	0	0	2
"c133"	2	1	2	0	0	0	1	1	1	1	1	1	0	2	1	0	1	0	1	1	2	0	2	1	1	2
"c134"	2	1	2	0	0	0	2	1	1	1	2	1	0	2	1	0	1	0	2	2	2	0	2	1	1	2
"c135"	2	0	2	0	0	0	2	2	2	0	3	2	0	2	1	0	1	0	3	2	2	0	2	1	1	2
"c136"	2	1	1	1	1	1	1	3	3	3	3	3	1	2	0	1	2	1	0	1	1	1	2	0	0	2
"c137"	2	1	2	0	0	0	2	1	1	1	1	1	0	2	1	0	1	0	0	2	0	0	2	1	1	2
"c138"	2	1	2	0	0	0	2	1	2	0	1	1	0	2	1	0	1	0	2	2	2	0	2	1	1	2
"c139"	2	1	1	1	1	1	1	0	2	0	0	2	1	2	0	1	2	1	0	1	1	1	2	0	0	2
"c140"	2	1	1	1	1	1	1	0	2	0	0	2	1	2	0	1	2	1	0	1	1	1	2	0	0	2
"c141"	2	1	1	1	1	1	1	0	2	0	0	2	1	2	0	1	2	1	0	1	1	1	2	0	0	2
"c142"	2	1	1	1	1	1	1	0	2	0	0	2	1	2	0	1	2	1	0	1	1	1	2	0	0	2
"c144"	2	1	0	1	1	2	1	0	2	0	0	2	1	2	0	1	2	1	0	1	1	1	2	0	0	0
"c145"	3	3	2	0	0	0	2	2	0	2	0	0	0	2	0	0	1	0	3	2	2	0	2	1	0	2
"c146"	2	1	1	1	1	0	1	0	2	0	0	2	1	2	0	1	2	1	0	1	1	1	2	0	0	2
"c147"	2	1	1	1	1	1	1	0	2	0	0	2	1	2	0	1	2	1	0	1	1	1	2	0	0	2
"c148"	2	1	1	1	1	1	1	0	2	0	0	2	1	2	0	1	2	1	0	1	1	1	2	0	0	2
"c149"	0	2	2	0	0	0	2	1	1	1	1	1	0	2	1	0	1	0	0	0	2	0	2	1	1	2
"c150"	2	1	2	0	0	0	2	1	1	1	1	1	0	2	2	0	1	0	1	2	2	0	2	0	1	2
"c151"	2	1	2	0	0	0	2	1	1	1	1	1	0	2	1	0	1	0	1	2	2	0	2	1	1	2
"c152"	2	1	2	0	0	0	2	1	1	1	1	1	0	2	1	0	1	0	0	2	2	0	2	1	1	2
"c153"	2	1	1	1	1	1	1	0	2	0	0	2	1	2	0	1	2	1	0	1	0	1	2	0	0	2
"c154"	2	1	1	1	1	1	1	0	2	0	0	2	1	2	0	1	2	1	0	1	1	1	2	0	0	2
"c155"	2	1	2	0	0	0	2	1	1	1	1	1	0	2	1	0	1	0	1	2	2	0	2	1	1	2
"c156"	2	1	1	1	1	1	1	0	2	0	0	2	1	2	0	1	2	1	0	1	1	1	2	0	0	2
"c157"	2	1	1	1	1	2	1	0	2	0	0	2	1	2	0	2	2	1	0	1	0	1	2	0	0	2
"c158"	2	0	1	1	2	0	0	0	2	0	0	2	1	2	0	1	2	0	0	0	1	1	2	0	0	2
"c159"	2	1	2	0	0	0	2	1	1	1	1	1	0	2	2	0	0	0	1	2	2	0	2	0	2	2
"c160"	2	2	1	1	0	1	1	0	2	0	0	2	1	2	0	1	2	1	3	1	0	1	2	0	0	2
"c161"	0	1	1	1	1	0	1	0	2	0	0	2	1	2	0	1	2	1	0	0	0	1	1	0	0	2
"c162"	2	0	1	1	1	1	1	0	2	0	0	2	1	2	0	0	2	1	0	1	2	1	2	0	0	2
"c163"	2	0	2	0	0	0	2	1	1	1	1	1	0	2	1	0	1	0	1	2	2	0	2	1	1	2
"c164"	2	0	2	0	0	0	2	1	1	1	1	1	0	2	1	0	1	0	1	2	2	0	2	1	1	2
"c165"	2	0	2	0	0	0	2	1	2	0	1	2	0	2	1	0	1	0	0	2	2	0	2	1	1	2
"c166"	2	0	1	1	1	1	1	0	2	0	0	2	1	2	0	1	2	1	0	1	1	1	2	3	0	2
"c167"	2	1	2	0	0	0	2	1	1	1	1	1	0	2	1	0	1	0	0	2	2	0	2	1	1	2
"c168"	2	1	1	1	1	1	1	0	2	0	0	2	1	2	0	1	2	1	0	1	1	1	2	0	0	2
"c169"	2	1	2	0	0	0	2	1	1	1	1	1	0	2	1	0	1	0	2	2	0	0	2	1	1	2
"c170"	2	1	1	1	0	1	1	1	1	1	1	1	1	2	1	1	1	0	1	1	2	1	2	1	1	2
"c171"	2	1	2	0	0	0	2	1	1	1	1	1	0	2	1	0	1	0	2	2	2	0	2	1	1	2
"c172"	2	1	2	0	0	0	2	1	1	1	1	1	0	2	0	0	1	0	1	2	2	0	2	1	1	2
"c173"	2	1	1	1	0	0	2	0	2	0	0	2	1	2	0	1	2	1	0	1	1	1	2	0	1	2
"c174"	2	1	2	0	0	0	2	1	1	1	1	1	0	2	1	0	1	0	1	2	2	0	2	1	1	2
"c175"	2	1	2	0	0	0	1	1	1	1	1	1	0	2	1	0	1	0	2	2	2	0	2	1	1	2
"c176"	2	1	1	1	2	1	1	0	2	0	0	2	1	2	0	1	2	1	0	1	1	1	2	0	0	2
"c177"	2	2	1	1	1	1	2	0	2	0	0	0	1	2	0	1	2	1	0	1	1	1	2	0	0	2
"c178"	2	1	1	1	1	1	1	0	2	0	0	2	1	2	0	1	2	1	0	1	2	1	2	0	0	2
"c179"	2	1	1	1	1	1	1	0	2	0	0	2	1	2	0	1	2	1	0	1	2	1	2	0	0	2
"c180"	2	1	1	1	1	1	1	0	2	0	0	2	1	2	0	1	2	1	0	1	1	1	2	0	0	2
"c181"	2	1	1	1	1	1	1	3	0	0	0	0	1	2	0	1	2	1	0	1	1	1	2	0	0	2
"c182"	2	1	1	1	1	1	1	0	2	0	0	2	0	2	0	1	2	1	0	1	1	1	2	0	0	2
"c183"	2	1	2	0	0	0	1	1	1	1	1	1	0	2	0	0	1	0	3	2	2	0	2	2	1	2
"c184"	2	2	1	1	1	1	1	0	2	0	0	3	0	2	3	1	2	1	0	1	1	1	2	0	0	2
"c185"	2	1	2	0	0	0	2	1	1	1	1	1	0	2	1	0	1	0	2	2	2	0	2	1	1	2
"c186"	2	0	1	1	1	1	1	0	2	0	0	2	1	2	0	1	2	1	0	1	1	1	2	0	0	2
"c187"	2	1	0	2	2	2	0	3	3	3	3	3	1	2	0	1	2	1	0	1	1	1	2	0	0	2
"c188"	2	2	1	1	1	1	1	0	2	0	0	2	1	2	0	1	2	1	0	1	1	1	2	0	0	2
"c189"	2	0	1	1	1	1	1	0	2	0	0	2	1	2	0	1	2	1	0	1	2	1	2	0	0	2
"c190"	2	1	2	0	0	0	2	1	1	1	2	1	0	2	1	0	1	0	0	2	2	0	2	1	1	2
"c191"	2	2	1	1	0	1	1	0	2	0	0	2	1	2	0	1	2	0	3	1	1	1	2	0	0	2
"c192"	2	1	1	1	1	1	1	0	2	0	0	2	1	2	0	1	2	1	0	1	1	1	2	0	0	2
"c193"	2	1	2	0	0	0	1	1	1	1	1	1	0	2	1	0	1	0	2	2	2	0	2	1	1	2
"c194"	2	0	2	0	0	0	2	0	1	1	1	1	0	2	2	0	1	0	0	2	2	0	2	1	1	2
"c195"	2	1	1	1	1	1	1	0	2	0	0	2	1	2	0	1	2	1	0	1	1	1	2	0	0	2
"c196"	2	0	2	0	0	0	2	2	2	0	2	2	0	2	0	0	2	0	0	2	2	0	2	1	1	2
"c197"	2	1	1	1	1	1	1	0	2	0	0	2	1	2	0	1	2	1	0	1	1	1	2	0	0	2
"c198"	0	1	2	0	0	0	2	1	1	1	1	1	0	2	2	0	1	0	0	2	3	0	2	1	1	2
"c199"	2	1	1	1	1	0	1	0	0	0	0	2	1	2	0	0	2	1	0	1	1	1	2	0	0	2
"c200"	2	1	2	0	0	0	2	0	0	2	0	0	0	2	0	0	1	0	0	1	2	0	2	1	1	2
"c201"	2	1	1	1	1	1	1	0	2	0	0	2	1	2	0	1	2	1	0	1	2	1	2	0	0	2
"c202"	2	1	1	1	1	1	1	0	2	0	0	2	1	2	0	0	2	0	0	1	2	1	2	0	0	2
"c203"	2	1	1	1	1	2	1	0	2	0	0	2	1	2	0	1	2	1	0	1	0	1	2	0	0	2
"c204"	2	1	1	1	0	1	1	0	2	0	0	2	1	2	0	1	2	1	0	1	2	1	2	0	0	2
"c205"	2	1	1	0	0	0	2	1	1	1	1	1	0	2	0	0	1	0	2	0	2	0	2	1	1	2
"c206"	2	0	1	1	1	1	1	0	2	0	0	2	1	2	0	1	2	1	0	1	1	0	2	0	0	2
"c207"	2	1	2	0	0	0	2	1	1	1	1	1	0	2	3	0	1	0	2	2	2	0	2	1	1	2
"c208"	2	1	1	1	1	1	1	0	2	0	0	2	1	2	0	1	2	1	0	1	2	1	2	0	0	2
"c209"	2	1	2	0	0	0	2	1	1	1	1	1	0	2	1	0	1	0	0	2	2	0	2	1	1	2
"c210"	2	1	2	0	0	0	2	1	1	1	0	1	0	2	2	0	1	0	2	2	2	0	2	1	1	2
"c211"	2	1	1	1	1	0	1	0	2	0	0	2	0	2	0	1	2	2	3	1	2	1	2	0	0	2
"c212"	2	1	1	1	1	1	1	0	2	0	0	2	1	2	0	1	2	1	0	1	1	1	2	0	0	2
"c213"	2	1	2	0	0	0	2	1	1	1	1	1	0	2	0	0	1	0	1	2	2	0	2	1	1	2
"c214"	2	1	2	0	0	0	2	1	1	1	1	0	0	2	0	0	2	0	0	2	2	0	2	1	1	2
"c215"	2	1	1	1	1	1	1	0	2	0	0	2	1	2	0	1	2	1	0	1	0	1	2	0	0	2
"c216"	2	1	1	1	1	1	1	0	2	0	0	2	1	2	0	1	2	0	0	1	0	1	2	0	0	2
"c217"	2	1	2	0	0	0	2	1	0	2	1	0	0	2	0	0	1	0	2	2	2	0	2	1	2	2
"c218"	2	1	2	0	1	0	0	1	1	1	1	0	0	2	1	0	1	0	1	2	2	0	2	1	1	2
"c219"	2	2	2	0	0	0	2	1	1	1	1	0	0	2	2	0	1	0	0	2	2	0	2	1	1	2
"c220"	2	1	2	0	0	0	2	1	1	1	1	1	0	2	2	0	1	0	0	2	2	0	2	1	1	2
"c221"	2	1	2	0	0	0	2	1	1	1	1	1	0	2	1	0	1	0	1	2	2	0	2	1	1	2
"c222"	2	1	1	1	0	1	1	0	2	0	0	2	1	2	0	1	2	1	0	1	0	1	2	0	0	2
"c223"	2	1	1	1	1	1	1	0	2	0	0	2	1	2	3	0	2	1	0	1	1	1	2	0	0	2
"c224"	2	1	2	0	0	0	2	1	1	1	1	1	0	2	1	0	1	0	2	2	2	0	2	1	1	2
"c225"	2	1	2	0	0	0	2	1	1	1	1	2	0	2	1	0	1	0	2	2	2	0	2	1	1	2
"c226"	2	1	2	0	0	0	2	1	1	1	1	1	0	2	1	0	1	0	1	2	2	0	2	1	1	2
"c227"	2	1	2	0	0	0	2	1	1	1	1	1	0	2	1	0	1	0	2	2	2	0	2	1	1	2
"c228"	2	1	2	0	0	0	2	1	1	1	1	1	0	2	1	0	1	0	0	2	2	0	2	1	0	2
"c229"	2	1	1	1	1	1	1	0	2	0	0	2	1	2	0	1	2	1	0	1	1	1	2	0	0	2
"c230"	2	1	2	0	0	0	2	1	1	1	1	1	0	2	2	0	1	0	1	2	2	0	2	1	1	2
"c231"	2	1	0	2	0	2	1	0	2	0	0	2	1	2	0	1	2	1	0	1	0	1	2	0	0	0
"c232"	2	1	2	0	0	0	1	1	1	1	1	1	0	2	1	0	1	0	1	2	2	0	2	1	1	2
"c233"	2	1	2	0	0	0	2	2	1	1	1	1	0	2	1	0	1	0	1	2	2	0	2	1	1	2
"c234"	2	1	1	1	1	0	1	0	1	1	1	1	1	2	0	1	1	1	1	1	1	1	2	0	1	2
"c235"	2	1	2	0	0	0	2	1	1	1	1	1	0	2	1	0	1	0	0	2	2	0	2	1	1	2
"c236"	2	1	1	1	1	1	1	0	2	0	0	2	1	2	0	1	2	1	0	1	0	1	2	0	0	2
"c237"	2	1	2	0	0	0	2	1	1	1	1	1	0	2	1	0	1	0	1	2	2	0	2	1	1	2
"c238"	2	1	2	0	0	0	1	1	1	1	1	1	0	2	2	0	1	0	1	2	2	0	2	1	1	2
"c239"	2	2	2	0	0	0	2	1	1	0	1	1	0	2	1	0	1	0	0	2	2	0	2	1	1	2
"c240"	2	1	2	0	1	0	2	1	1	1	1	1	0	2	1	0	1	0	1	2	2	0	2	1	1	2
"c241"	2	1	2	0	0	0	2	1	1	1	1	1	0	2	1	0	1	0	2	2	2	0	2	1	1	2
"c242"	2	1	2	0	0	0	2	1	1	1	1	1	0	2	1	0	1	0	0	2	2	0	2	1	1	2
"c243"	2	0	2	0	0	0	2	1	1	1	1	1	0	2	3	0	1	0	0	2	2	0	2	1	1	2
"c244"	2	0	1	1	1	0	1	0	2	0	0	2	1	2	0	2	2	1	0	1	0	1	2	0	0	2
"c245"	2	1	1	1	1	0	1	0	2	0	0	2	2	2	0	1	2	1	0	1	1	1	2	0	0	2
"c246"	2	1	2	0	0	0	2	1	1	1	1	1	0	2	1	0	1	0	1	0	2	0	2	1	1	2
"c247"	2	2	2	0	0	0	2	1	1	1	1	1	0	2	0	0	1	0	1	2	2	0	2	1	1	2
"c248"	2	1	2	0	0	0	2	1	1	1	1	1	0	2	1	0	1	0	1	1	2	0	2	1	1	2
"c249"	2	1	2	0	0	0	2	1	1	1	1	1	0	2	1	0	1	0	1	2	2	0	2	1	1	2
"c250"	2	1	2	0	0	0	2	1	1	1	1	1	0	2	1	0	1	0	2	2	2	0	2	1	1	2
"c251"	2	1	2	0	0	0	1	1	1	1	2	1	0	2	1	0	1	0	0	2	2	0	2	1	1	2
"c252"	2	1	1	1	1	0	1	0	2	0	0	2	1	2	0	1	2	1	0	1	1	1	2	0	0	2
"c253"	2	1	2	0	0	0	2	1	1	1	1	1	0	2	1	0	1	1	0	2	2	0	2	1	1	2
"c254"	2	0	2	0	0	0	1	1	1	1	0	1	0	2	2	0	1	0	1	2	2	0	2	1	1	2
"c255"	2	1	1	1	1	1	1	0	2	0	0	2	1	2	0	1	2	1	0	1	0	1	2	0	0	2
"c256"	2	1	2	0	0	0	2	1	1	1	1	1	0	2	1	0	1	0	2	2	2	0	2	1	1	2
"c257"	2	1	1	1	1	1	1	0	2	0	0	2	1	1	0	1	2	1	0	1	0	1	2	0	0	2
"c258"	2	1	2	0	0	0	1	1	1	1	1	1	0	2	1	0	1	0	0	2	2	0	2	1	1	2
"c259"	2	1	2	0	0	0	2	1	1	1	1	1	0	2	1	0	1	0	1	2	2	0	2	1	1	2
"c260"	2	1	1	1	2	1	1	0	2	0	0	2	1	2	0	1	2	1	0	1	0	1	2	0	0	2
"c261"	2	1	1	0	0	0	1	1	1	1	1	1	0	2	1	0	1	0	1	1	2	0	2	1	1	2
"c262"	2	1	2	0	0	0	2	1	1	1	1	1	0	2	0	0	1	0	3	2	0	0	2	1	0	2
"c263"	2	1	1	1	1	1	1	0	2	0	0	2	1	2	0	1	2	1	0	1	2	1	2	0	0	2
"c264"	2	1	2	0	0	0	1	1	1	1	1	1	0	2	0	0	1	0	2	2	2	0	2	1	0	2
"c265"	2	1	1	1	1	1	1	0	2	0	0	2	1	2	0	1	2	1	0	1	0	1	2	0	0	2
"c266"	2	1	2	1	0	0	1	0	1	1	1	0	1	2	0	0	0	0	1	2	2	1	2	1	1	2
"c267"	2	0	2	0	0	0	2	1	1	1	1	2	0	2	1	0	2	0	1	2	2	0	2	1	1	2
"c268"	2	1	1	1	2	1	0	0	2	0	0	2	1	2	0	1	2	1	0	1	1	1	2	0	0	2
"c269"	2	1	2	0	0	0	2	1	1	1	1	1	0	2	1	0	1	0	0	2	2	0	2	1	1	2
"c270"	2	1	2	0	1	0	2	1	1	1	1	1	0	2	1	0	1	0	0	1	2	0	2	1	1	2
"c271"	2	1	2	0	0	0	2	1	1	1	1	1	0	2	1	0	1	0	0	2	2	0	2	1	1	2
"c272"	2	1	1	1	1	1	1	1	1	1	1	1	1	2	1	1	1	1	1	1	1	1	2	1	1	2
"c273"	2	0	0	1	1	1	1	0	2	0	0	2	1	2	0	1	2	1	0	1	1	1	2	0	0	2
"c274"	2	0	2	0	0	0	2	0	1	1	1	0	0	2	1	0	1	0	0	2	2	0	2	1	1	2
"c275"	2	1	1	1	1	1	1	0	2	0	0	2	1	2	0	1	2	1	0	1	0	1	2	0	0	2
"c276"	2	1	1	1	1	1	1	0	2	0	0	2	1	2	0	1	2	1	0	1	1	1	2	0	0	3
"c277"	2	0	1	1	2	1	1	0	2	0	0	2	1	2	0	2	2	1	3	1	0	1	2	0	0	2
"c278"	2	1	2	0	0	0	1	1	1	1	1	1	0	2	1	0	1	0	1	2	2	0	2	1	1	2
"c279"	2	1	1	1	1	1	1	0	2	0	0	2	1	2	0	1	2	1	0	1	0	1	2	0	1	2
"c280"	2	1	1	1	1	1	1	0	2	0	0	2	0	2	0	1	2	1	0	1	0	1	2	0	0	2
"c281"	2	1	2	0	0	0	2	1	1	1	1	1	0	2	2	0	1	0	0	2	2	0	2	1	1	2
"c282"	2	1	2	0	0	0	2	1	1	1	1	1	0	2	1	0	1	0	3	1	2	0	2	1	1	2
"c283"	2	1	1	1	1	1	1	0	2	0	0	2	1	2	0	1	2	1	0	1	1	1	2	0	0	2
"c284"	2	1	1	1	1	1	1	0	2	0	0	2	1	2	0	1	2	1	0	1	1	2	2	0	0	2
"c285"	2	1	1	1	1	1	1	0	2	0	0	2	0	2	0	1	2	1	0	1	1	1	2	0	0	2
"c286"	2	1	2	0	0	0	2	1	1	1	1	1	0	2	1	0	1	0	0	1	2	0	2	1	1	2
"c287"	2	1	2	0	0	0	2	1	1	1	1	1	0	2	1	0	1	0	0	1	2	0	2	1	1	2
"c288"	2	2	1	1	0	1	1	0	2	0	0	2	2	2	0	0	2	1	0	1	0	1	2	0	0	2
"c289"	2	1	1	1	1	1	1	0	2	0	0	2	1	2	0	2	2	1	0	1	0	1	2	0	0	2
"c290"	2	1	2	0	0	0	2	1	1	1	1	1	0	2	1	0	1	0	2	2	2	0	2	1	1	2
"c291"	2	1	1	1	1	1	1	0	2	0	0	2	1	2	0	1	2	1	0	1	0	1	2	0	0	2
"c292"	2	1	1	1	1	1	1	0	2	0	0	2	1	2	0	1	2	1	0	1	1	1	2	0	0	2
"c293"	2	1	2	0	1	0	2	2	1	1	1	1	0	2	2	0	1	0	3	2	2	0	2	1	1	2
"c294"	2	1	2	0	0	0	2	1	1	1	1	1	0	2	0	0	0	0	3	2	2	0	2	1	0	2
"c295"	2	1	2	0	0	0	2	1	2	0	1	1	0	2	1	0	1	3	1	1	2	0	2	1	1	2
"c296"	2	1	2	0	0	0	2	1	1	1	1	1	0	2	1	0	1	0	0	2	2	0	2	1	1	2
"c297"	2	1	1	1	1	1	1	0	2	0	0	2	1	2	0	1	2	1	0	1	1	1	2	0	0	2
"c298"	2	1	1	1	1	1	1	0	2	0	0	2	1	2	0	1	2	1	0	1	1	1	2	0	0	2
"c299"	2	1	2	0	0	0	2	1	1	1	1	1	0	2	0	0	1	0	1	2	2	0	2	1	1	2
"c300"	2	1	1	1	1	1	1	0	2	0	0	2	1	2	0	1	1	1	0	1	1	1	2	0	0	2
"c301"	2	1	1	1	1	1	1	0	2	0	0	2	1	2	0	1	2	1	0	1	1	1	2	0	0	2
"c302"	2	0	2	0	3	3	3	0	0	2	0	0	0	2	2	0	1	0	0	2	2	0	2	0	2	2
"c303"	2	1	1	1	1	1	1	0	2	0	0	2	1	2	0	1	2	1	0	1	1	1	2	0	0	2
"c304"	2	1	2	0	0	0	2	1	1	1	1	1	0	2	1	0	1	0	2	2	2	0	2	1	1	2
"c305"	2	1	2	0	0	0	2	1	1	1	1	1	0	2	1	0	1	0	0	1	2	0	2	1	1	2
"c306"	2	1	2	0	0	0	2	1	1	1	1	1	0	2	1	0	1	0	1	2	2	0	2	1	1	2
"c307"	2	0	1	1	1	0	1	0	2	0	0	2	1	2	0	1	2	1	0	1	1	1	2	0	0	2
"c308"	2	0	2	0	0	0	2	0	2	0	2	2	0	2	0	0	1	0	1	2	2	0	2	1	1	2
"c309"	2	1	1	1	1	0	1	0	1	1	1	1	1	2	0	0	1	0	0	1	0	1	2	0	1	2
"c310"	2	1	1	1	1	1	1	0	2	0	0	2	1	2	0	1	2	1	0	1	1	1	2	0	0	2
"c311"	2	1	2	0	0	0	2	1	1	1	1	1	0	2	0	0	2	0	0	2	2	0	2	1	1	2
"c312"	2	1	2	0	0	0	2	1	1	1	0	0	0	2	1	0	1	0	0	2	2	0	2	1	1	2
"c313"	2	0	2	0	0	0	2	1	1	1	1	1	0	2	1	0	1	0	2	2	2	0	2	1	1	2
"c314"	2	1	1	1	1	1	1	0	2	0	0	2	1	2	0	1	2	0	0	1	0	1	2	0	0	2
"c315"	2	0	1	1	2	0	1	0	2	0	0	2	1	2	0	1	2	1	0	1	0	1	2	0	0	0
"c316"	2	1	1	1	1	1	1	0	2	0	0	2	1	2	0	1	2	1	0	1	1	1	2	0	0	2
"c317"	2	1	2	0	0	0	2	1	1	1	1	1	0	2	1	0	1	0	0	2	2	0	2	1	1	2
"c318"	2	1	2	0	0	0	2	1	1	1	1	1	0	2	2	0	1	0	0	2	2	0	2	1	1	2
"c319"	2	1	2	0	0	0	2	1	1	1	1	1	0	2	1	0	1	0	1	1	2	0	2	1	1	2
"c320"	2	1	1	0	1	1	1	0	2	0	0	2	1	2	0	1	2	1	0	1	0	1	2	0	0	2
"c321"	2	1	1	1	1	1	1	0	2	0	0	2	1	2	0	1	2	1	0	1	0	1	2	0	0	2
"c322"	2	1	2	0	1	0	2	1	1	1	1	1	0	2	1	0	1	0	1	0	2	0	2	1	1	2
"c323"	2	2	2	0	0	0	2	1	1	1	1	1	0	2	1	0	1	0	1	2	2	0	2	1	1	2
"c324"	2	1	2	0	0	0	2	1	1	1	1	1	0	2	1	0	1	0	0	1	2	0	2	1	1	2
"c325"	2	1	2	0	1	0	1	1	1	1	1	1	0	2	0	0	1	0	1	1	2	0	2	1	1	2
"c326"	2	1	2	0	0	0	2	1	1	1	1	0	0	2	2	0	1	0	0	2	2	0	2	1	1	2
"c327"	2	1	1	1	1	1	1	0	2	0	0	2	1	2	0	1	2	2	0	1	2	1	2	0	0	2
"c328"	2	1	1	1	1	1	1	1	1	1	1	1	1	2	1	1	1	1	1	1	1	1	2	1	1	2
"c329"	2	2	1	1	2	0	1	0	2	0	0	2	1	2	0	1	2	0	0	1	1	1	2	0	0	2
"c330"	2	0	2	0	0	0	2	0	1	1	0	0	0	2	0	0	1	0	0	2	0	0	2	1	1	2
"c331"	2	1	1	1	0	1	1	0	2	0	0	2	1	2	3	1	2	1	0	1	1	1	3	3	3	3
"c332"	2	1	1	1	1	1	1	0	2	0	0	2	1	2	0	1	2	1	0	1	1	1	2	0	0	2
"c333"	2	0	1	1	2	1	0	0	2	0	0	2	1	2	0	1	2	1	0	1	1	1	3	3	3	3
"c334"	2	0	1	1	1	1	1	0	2	0	0	2	1	2	0	1	2	1	0	1	1	1	2	0	0	2
"c335"	2	1	2	0	0	0	2	1	1	1	1	1	0	2	3	0	1	0	0	2	2	0	2	1	1	2
"c336"	2	1	2	0	0	0	2	1	1	1	1	1	0	2	1	0	1	0	1	2	2	0	2	1	1	2
"c337"	2	1	2	0	0	0	2	1	1	1	1	1	0	2	2	0	1	0	2	2	2	0	2	1	1	2
"c338"	2	1	2	0	0	0	2	1	1	1	1	1	0	2	1	0	1	0	0	2	2	0	2	1	1	2
"c339"	2	1	1	1	1	0	1	0	2	0	0	2	1	2	0	1	2	1	0	1	2	1	2	0	0	2
"c340"	2	1	2	0	0	0	2	1	1	1	1	1	0	2	2	0	1	0	1	1	2	0	2	1	1	2
"c341"	2	1	1	1	1	1	1	0	2	0	0	2	1	2	3	1	2	1	0	1	1	2	2	0	0	2
"c342"	2	1	2	0	0	0	2	1	1	1	1	1	0	2	1	0	1	0	3	2	2	0	2	2	1	2
"c343"	2	1	1	1	1	2	1	0	2	0	0	2	1	2	0	1	2	1	0	1	2	1	2	0	0	2
"c344"	2	1	2	0	0	0	2	1	1	1	1	1	0	2	1	0	1	0	2	2	0	0	2	1	1	2
"c345"	2	1	2	0	0	0	2	1	1	1	1	1	0	2	1	0	1	0	2	2	2	0	2	1	1	2
"c346"	2	1	2	0	0	0	2	1	1	1	1	1	0	2	1	0	1	0	0	2	2	0	2	1	1	2
"c347"	2	1	1	1	1	1	1	0	2	0	0	2	1	2	0	1	2	1	0	1	1	1	2	0	0	2
"c348"	2	1	2	0	0	0	2	1	1	1	1	1	0	2	2	0	1	0	0	1	2	0	2	1	1	2
"c349"	2	1	1	1	1	1	1	0	2	0	0	2	1	2	0	1	2	1	0	2	0	1	2	0	0	2
"c350"	2	1	1	1	1	1	1	0	2	0	0	2	1	2	0	1	2	1	0	1	1	1	2	0	0	2
"c351"	2	1	1	0	1	1	1	0	2	0	0	0	1	2	0	1	2	1	0	1	1	1	2	0	0	2
"c352"	2	1	1	1	1	1	1	0	2	0	0	2	1	2	0	1	2	1	0	1	1	1	2	0	0	2
"c353"	2	1	2	0	0	0	1	1	1	1	1	1	0	2	2	0	1	0	3	2	2	0	2	1	1	2
"c354"	2	1	2	0	0	0	2	1	1	1	1	1	0	2	1	0	1	0	0	2	2	0	2	1	1	2
"c355"	2	0	2	0	0	0	2	1	1	1	1	1	0	2	1	0	0	0	2	2	2	0	2	1	1	2
"c356"	2	1	2	0	0	0	2	1	1	1	1	1	0	2	0	0	1	0	3	2	2	0	2	1	1	2
"c357"	2	1	1	1	0	1	1	0	2	0	0	2	1	2	0	1	2	1	0	1	1	1	2	0	0	2
"c358"	2	1	2	0	0	0	1	1	1	1	1	1	0	2	1	0	1	0	0	1	2	0	2	1	1	2
"c359"	2	1	1	1	2	1	1	0	2	0	0	2	1	2	0	1	2	1	0	1	1	1	2	0	0	2
"c360"	2	1	1	1	1	1	1	0	2	0	0	2	1	2	0	1	2	1	0	1	1	1	2	0	0	2
"c361"	2	0	1	1	0	2	1	0	0	0	0	2	1	2	0	1	2	1	0	0	0	1	2	0	0	2
"c362"	2	1	2	0	0	0	2	1	1	1	1	1	0	2	1	0	1	0	1	2	2	0	2	1	1	2
"c363"	2	1	2	0	0	0	2	1	1	1	1	1	0	2	1	0	1	0	0	2	2	0	2	1	1	2
"c364"	2	1	1	1	1	1	1	0	2	0	0	2	1	2	0	1	2	1	0	1	1	1	2	0	0	2
"c365"	2	2	0	1	1	1	1	0	2	0	0	2	1	2	0	1	2	1	0	1	1	1	2	0	0	2
"c366"	2	1	1	1	1	1	1	0	2	0	0	2	1	2	0	1	2	2	0	1	1	1	2	0	0	2
"c367"	2	1	1	1	1	1	1	0	2	0	0	2	1	2	0	1	2	1	0	1	1	1	2	0	0	2
"c368"	2	1	2	0	0	0	2	1	1	1	1	1	0	2	1	0	1	0	2	2	2	0	2	1	1	2
"c369"	2	1	2	0	0	0	2	1	1	1	1	1	0	2	1	0	1	0	0	2	2	0	2	1	1	2
"c370"	2	1	1	1	1	1	1	0	2	0	0	2	1	2	0	1	2	1	0	1	1	1	2	0	0	2
"c371"	2	1	1	0	1	1	1	0	2	0	0	2	1	2	0	0	2	0	3	1	0	1	2	0	0	2
"c372"	2	0	1	1	1	1	1	0	2	0	0	2	1	2	0	1	2	1	0	1	1	2	2	0	0	2
"c373"	2	1	1	1	1	1	1	0	2	0	0	2	1	2	0	1	2	1	0	1	1	1	2	0	0	2
"c374"	2	1	1	1	1	1	1	0	2	0	0	2	1	2	0	1	2	1	0	1	1	1	2	0	0	2
"c375"	2	1	2	0	0	0	2	1	1	1	1	1	0	2	1	0	1	0	1	2	2	0	2	1	1	2
"c376"	2	1	2	0	0	0	1	1	1	1	1	1	0	2	1	0	1	0	0	2	2	0	2	1	1	2
"c377"	2	0	1	1	1	0	1	0	2	0	0	2	0	2	0	1	2	1	0	2	1	1	2	0	0	2
"c378"	2	1	1	1	0	0	1	1	1	1	1	1	1	2	1	1	1	1	1	1	1	1	2	1	1	2
"c379"	2	1	2	0	0	0	2	1	1	1	1	0	0	2	2	0	1	1	0	2	2	0	2	1	1	2
"c380"	2	1	1	1	1	1	1	0	2	0	0	2	1	2	0	1	2	1	0	1	2	1	2	0	0	2
"c381"	2	1	1	1	2	1	1	0	2	0	0	0	1	2	0	1	2	1	0	1	0	1	2	0	0	2
"c382"	2	1	1	1	1	1	1	0	2	0	0	2	1	2	0	1	2	1	0	1	1	1	2	0	0	0
"c383"	2	1	1	1	1	2	1	0	2	0	0	2	0	2	0	1	2	1	0	1	0	1	2	0	0	2
"c384"	2	2	1	1	1	1	1	0	2	0	0	2	0	2	0	1	2	1	0	1	0	1	2	0	0	2
"c385"	2	1	2	0	0	0	2	1	1	1	1	0	0	2	1	0	1	0	1	2	0	0	2	1	1	2
"c386"	2	1	1	1	1	2	1	0	2	0	0	2	1	2	0	1	2	1	0	1	1	1	2	0	0	2
"c387"	2	1	1	1	1	1	1	0	2	0	0	2	1	2	0	1	2	1	0	1	1	1	2	0	0	2
"c388"	2	1	2	0	0	0	2	1	1	1	1	1	0	2	1	0	1	0	1	2	2	0	2	1	1	2
"c389"	2	1	2	0	0	0	1	1	1	1	1	1	0	2	1	0	1	0	1	2	2	0	2	1	1	2
"c390"	2	0	1	1	1	1	1	0	2	0	0	2	1	2	0	1	2	1	0	1	2	1	2	0	0	2
"c392"	2	1	1	1	1	1	1	0	2	0	1	2	1	2	0	1	2	1	0	1	1	1	2	0	0	2
"c393"	2	0	2	0	0	0	2	1	0	1	0	0	0	2	1	0	2	0	1	2	2	0	2	1	1	2
"c394"	2	1	2	0	0	0	2	1	1	1	1	1	0	2	1	0	1	0	0	2	2	0	2	1	1	2
"c395"	2	1	2	0	0	0	2	1	1	1	1	0	0	2	0	0	1	0	2	2	0	0	2	1	1	2
"c396"	2	1	1	1	0	0	2	0	2	0	0	2	1	2	0	1	2	1	0	1	1	1	2	0	0	2
"c397"	2	1	1	1	1	1	1	0	2	0	0	2	1	2	0	1	2	1	0	1	1	1	2	0	0	2
"c398"	2	1	2	0	0	0	2	2	2	0	2	0	0	2	1	0	1	0	2	2	2	0	2	1	1	2
"c399"	2	0	1	1	1	1	1	3	2	0	0	2	1	2	0	1	2	1	0	1	1	1	2	0	0	2
"c400"	2	1	2	0	0	0	2	0	1	2	0	0	0	2	1	0	1	0	1	2	2	0	2	1	1	2
"c401"	2	0	2	0	0	0	2	0	2	0	2	2	0	2	2	0	1	0	0	2	2	0	2	1	1	2
"c402"	2	1	2	0	1	0	1	1	1	1	1	1	0	2	1	0	1	0	1	2	2	0	2	1	1	2
"c403"	2	0	1	0	1	1	1	1	1	1	1	1	1	2	1	1	1	1	0	0	1	0	2	0	1	2
"c404"	2	1	2	0	0	0	2	1	1	1	1	1	0	2	1	0	1	0	0	2	2	1	2	1	1	2
"c405"	2	1	2	0	0	0	2	1	1	1	1	1	0	2	0	0	1	0	2	2	2	0	2	1	1	2
"c406"	2	1	2	0	1	0	2	1	1	1	1	1	0	2	1	0	1	0	1	2	2	0	2	1	1	2
"c407"	2	1	2	0	0	0	2	1	1	1	1	2	0	2	1	0	2	0	0	2	2	0	2	0	1	2
"c408"	2	1	1	1	1	1	1	0	2	0	0	2	1	2	0	1	2	1	0	1	0	1	2	0	0	2
"c409"	2	1	1	1	1	1	1	0	2	0	0	2	0	2	0	1	2	1	0	1	0	1	2	0	0	2
"c410"	2	1	1	1	1	1	1	0	2	0	0	2	1	2	0	1	2	1	0	1	1	1	2	0	0	2
"c411"	2	1	2	0	0	0	2	1	1	1	1	1	0	2	3	0	1	0	0	2	2	0	2	1	1	2
"c412"	2	1	1	1	1	1	1	0	2	0	0	2	1	2	0	1	2	1	0	1	1	1	2	0	0	2
"c413"	2	1	2	0	0	0	2	1	1	1	0	1	0	2	1	0	1	0	3	2	2	0	2	1	1	2
"c414"	2	1	2	1	1	1	1	0	2	0	0	2	1	2	0	1	2	1	0	1	2	1	2	0	0	2
"c415"	2	1	1	1	1	1	1	0	2	0	0	2	1	2	0	1	2	1	0	1	1	1	2	0	0	2
"c416"	2	1	2	0	0	0	2	1	1	0	2	1	0	2	1	0	1	0	1	2	2	0	2	0	1	2
"c417"	0	1	1	1	1	0	1	0	2	0	0	2	1	2	0	1	2	1	0	1	0	1	2	0	0	2
"c418"	2	1	1	1	1	1	1	1	1	1	1	1	1	2	1	1	1	0	1	1	1	1	2	1	1	2
"c419"	2	1	2	0	0	0	2	1	1	1	1	1	0	2	1	0	1	0	0	2	2	0	2	1	1	2
"c420"	2	1	2	0	0	0	2	1	1	1	1	1	0	2	0	0	1	0	0	2	2	0	2	1	1	2
"c421"	2	0	2	0	0	0	2	1	1	1	1	1	0	2	0	0	1	0	2	2	2	0	2	1	1	2
"c422"	2	1	1	1	0	1	1	1	1	1	1	1	1	2	1	0	1	0	1	1	2	0	2	1	0	2
"c423"	2	2	2	0	0	0	2	1	1	1	1	1	0	2	1	0	1	0	0	2	2	0	2	1	1	2
"c424"	2	0	2	0	0	0	2	1	1	1	1	1	0	2	2	0	1	0	2	2	2	0	2	1	1	2
"c425"	2	1	1	1	0	1	1	0	2	0	0	2	1	2	0	1	2	1	0	1	2	1	2	0	0	2
"c426"	2	1	2	0	0	0	2	1	1	1	1	1	0	2	1	0	1	0	0	2	2	0	2	1	1	2
"c427"	2	1	2	0	0	0	2	1	1	1	1	1	0	2	1	0	1	0	2	2	2	0	2	1	1	2
"c428"	2	1	2	0	0	0	2	1	1	1	1	1	0	2	1	0	1	0	2	2	2	0	2	1	1	2
"c429"	2	0	1	1	1	1	1	0	2	0	0	2	1	2	0	1	2	1	0	1	2	1	2	0	0	2
"c430"	2	1	2	0	0	0	2	1	1	1	1	1	0	2	1	0	1	0	2	1	2	0	2	1	1	2
"c431"	2	0	1	1	1	1	1	0	2	0	0	2	1	2	0	0	2	0	0	1	0	1	2	0	0	2
"c432"	2	0	1	1	1	1	1	0	2	0	0	2	1	2	0	1	2	1	3	1	2	1	2	0	0	2
"c433"	2	1	1	1	1	2	1	0	2	0	0	2	1	2	0	1	2	1	0	1	1	1	2	0	0	2
"c435"	2	1	1	1	1	1	1	0	2	0	0	2	1	2	0	1	2	1	0	1	1	1	2	0	0	2
"c436"	2	1	1	1	1	1	1	0	2	0	0	2	1	2	0	1	2	1	0	1	1	1	2	0	0	2
"c437"	2	0	1	1	1	1	1	0	2	0	0	2	1	2	0	1	2	0	0	1	0	2	2	0	0	2
"c438"	1	2	1	1	1	1	1	0	2	0	0	2	1	2	0	0	2	1	0	1	2	1	2	0	0	2
"c439"	2	1	1	1	1	1	1	0	2	0	0	2	1	2	0	1	2	1	0	1	1	1	2	0	1	2
"c440"	2	0	2	0	0	0	0	1	1	1	1	1	0	2	1	0	1	0	0	2	2	0	2	1	1	2
"c441"	2	2	2	0	0	0	2	1	1	1	1	0	0	2	0	0	1	0	0	2	2	0	2	1	1	2
"c442"	2	1	2	0	0	0	2	1	1	1	1	1	0	2	0	0	1	0	1	2	2	0	2	1	1	2
"c443"	2	1	1	1	1	1	1	0	2	0	0	2	1	2	0	1	2	1	3	1	2	1	2	0	0	2
"c444"	2	1	2	0	0	0	2	1	1	1	1	1	0	2	1	0	1	0	1	2	2	0	2	1	1	2
"c445"	2	1	1	1	0	1	1	0	1	1	1	2	0	2	1	1	2	1	0	1	0	1	2	1	1	2
"c446"	2	1	1	1	1	1	1	0	2	0	0	2	1	2	0	1	2	0	0	1	1	1	2	0	0	2
"c447"	2	0	2	0	0	0	2	1	1	1	1	1	0	2	2	0	1	0	2	2	2	0	2	1	1	2
"c448"	2	1	1	1	1	1	1	0	2	0	0	2	1	2	0	1	2	1	0	1	1	1	2	0	0	2
"c449"	2	1	1	1	1	1	1	0	2	0	0	2	1	2	0	1	2	1	0	1	1	1	2	0	0	2
"c450"	2	0	1	1	1	1	1	0	2	0	0	2	1	2	0	1	2	1	0	0	2	1	2	0	0	2
"c451"	2	1	1	1	1	1	1	0	2	0	0	2	1	2	0	1	2	0	0	0	2	1	3	3	3	3
"c452"	2	1	2	0	0	0	2	1	1	1	1	1	0	2	2	0	1	0	1	2	2	0	2	1	1	2
"c453"	2	1	2	0	0	0	2	1	1	1	1	1	0	2	0	0	1	0	2	2	2	0	2	1	1	2
"c454"	3	1	2	0	0	0	2	1	1	1	1	1	0	2	0	0	1	0	0	2	2	0	2	1	1	2
"c455"	2	0	2	0	0	0	2	1	1	1	1	1	0	2	1	0	1	0	1	2	2	0	2	1	1	2
"c456"	2	1	1	1	1	1	1	0	2	0	0	2	1	2	0	1	2	1	0	1	1	1	2	0	0	2
"c457"	2	0	1	1	1	2	1	0	2	0	0	2	0	2	0	1	2	1	3	1	1	1	2	0	0	2
"c458"	2	1	2	0	0	0	2	1	1	1	1	1	0	2	1	0	1	0	0	2	2	0	2	1	1	2
"c459"	2	2	1	1	2	2	1	0	2	0	0	2	1	2	0	0	2	1	0	0	2	1	2	0	0	2
"c460"	2	1	2	0	0	0	1	1	1	1	1	1	0	2	1	0	1	0	1	2	2	0	2	1	1	2
"c461"	2	1	0	1	0	0	1	0	2	0	0	2	1	2	0	0	2	1	0	1	2	1	2	0	0	2
"c462"	2	1	1	1	0	0	2	1	1	1	1	1	1	2	0	1	1	1	1	1	2	0	2	1	1	2
"c463"	2	0	2	0	0	0	2	1	1	1	1	1	0	2	0	0	1	0	0	2	0	0	2	1	0	2
"c464"	2	1	1	1	1	1	1	0	2	0	0	2	1	2	0	1	2	1	0	1	2	1	2	0	0	2
"c465"	2	1	1	1	1	1	1	0	2	0	0	2	1	2	0	1	2	1	0	1	1	1	2	0	0	2
"c466"	2	1	1	1	1	1	1	0	2	0	0	2	1	2	0	1	2	1	3	1	1	1	2	0	0	2
"c467"	2	1	1	1	1	1	1	0	2	0	0	2	1	2	0	1	2	1	0	1	1	1	2	0	0	2
"c468"	2	0	2	0	0	0	2	1	1	1	1	1	0	2	1	0	1	1	1	2	2	0	2	1	1	2
"c469"	2	1	1	1	1	2	1	0	2	0	0	2	1	2	0	1	2	2	0	1	0	1	2	0	0	2
"c470"	2	1	1	1	1	2	1	0	2	0	0	2	1	2	0	1	2	1	0	1	2	1	2	0	0	2
"c471"	2	1	0	1	1	0	1	0	2	0	0	2	1	2	0	1	2	0	0	1	0	1	2	0	0	2
"c472"	2	1	2	0	0	0	2	1	1	1	1	1	0	2	2	0	1	0	2	2	2	0	2	1	1	2
"c473"	2	0	2	0	0	0	2	0	1	1	1	0	0	2	3	0	0	0	0	2	2	0	2	0	1	2
"c474"	2	1	2	0	3	3	3	3	3	3	3	3	0	2	2	0	2	0	2	2	2	0	2	2	0	2
"c475"	2	1	2	0	0	0	2	1	1	1	1	1	0	2	1	0	1	0	0	2	2	0	2	1	1	2
"c476"	2	1	2	0	0	0	2	0	0	2	0	0	0	2	0	0	1	0	2	2	2	0	2	1	1	2
"c477"	2	1	0	1	2	1	1	3	3	3	0	3	1	2	0	1	2	2	3	1	2	1	2	0	0	2
"c478"	2	1	2	0	0	0	2	0	1	1	1	0	0	2	2	0	1	0	0	2	2	0	2	1	1	2
"c479"	2	1	1	1	1	1	1	0	2	0	0	2	1	2	0	1	2	1	0	1	1	1	2	0	0	2
"c480"	0	2	1	1	1	1	1	0	2	0	3	0	1	2	0	1	2	1	0	1	2	1	2	0	0	2
"c481"	2	1	1	1	1	1	1	0	2	0	0	2	1	2	0	1	2	1	0	0	1	1	2	0	0	2
"c482"	2	1	2	0	0	0	1	1	1	1	1	1	0	2	1	0	1	0	0	1	2	0	2	1	1	2
"c483"	2	1	1	1	1	1	1	0	2	0	0	2	1	2	0	2	2	1	0	2	0	1	2	0	0	2
"c484"	2	1	2	0	0	0	2	1	1	1	1	1	0	2	1	0	1	0	1	2	2	0	2	1	1	2
"c485"	2	1	2	0	0	0	2	1	1	1	1	1	0	2	2	0	1	0	0	2	2	0	2	1	1	2
"c486"	2	1	2	0	0	0	1	1	1	1	1	1	0	2	1	0	1	0	1	1	2	0	2	1	1	2
"c487"	2	1	2	0	0	0	2	1	1	1	1	1	0	2	1	0	1	0	0	2	2	0	2	1	1	2
"c488"	2	1	2	0	0	0	2	1	1	1	1	1	0	2	1	0	1	0	0	2	2	0	2	1	1	2
"c489"	2	1	1	1	1	1	1	0	2	0	0	2	1	2	0	1	2	1	0	1	1	1	2	0	0	2
"c490"	2	0	1	1	1	0	1	0	2	0	0	2	1	2	0	1	2	0	0	1	1	1	3	3	3	3
"c491"	2	2	1	1	1	0	1	0	2	0	0	2	1	2	0	1	2	1	0	1	1	1	2	0	0	2
"c492"	2	1	2	0	0	0	2	1	1	1	1	1	0	2	1	0	1	0	0	2	2	0	2	1	1	2
"c493"	2	1	2	0	0	0	2	1	1	1	1	1	0	2	1	0	1	0	3	2	2	0	2	1	1	2
"c494"	2	1	1	1	1	1	1	0	2	0	0	2	1	2	0	1	2	1	0	1	1	1	2	0	0	2
"c495"	2	0	1	1	1	1	1	0	2	0	0	2	1	2	0	1	2	1	0	1	1	1	2	0	0	2
"c496"	2	1	2	0	0	0	2	1	1	1	0	1	0	2	3	0	1	0	2	2	0	0	2	1	0	2
"c497"	2	2	1	1	1	1	1	0	2	0	0	2	1	2	0	0	2	0	0	1	2	1	2	0	0	2
"c498"	2	1	1	1	1	0	1	0	2	0	0	2	1	2	0	2	2	1	0	1	1	1	2	0	0	2
"c499"	2	1	0	1	1	1	1	0	2	0	0	2	1	2	0	1	2	0	0	1	0	1	2	0	0	2
"c500"	2	1	1	0	1	1	1	0	2	0	0	2	1	2	0	1	2	1	0	1	1	1	2	0	0	2
"c501"	2	1	2	0	0	0	2	1	1	1	1	1	0	2	1	0	1	0	0	2	2	0	2	1	1	2
"c502"	2	1	2	0	0	0	2	1	1	1	1	1	0	2	0	0	1	0	3	2	2	0	2	1	1	2
"c503"	2	1	2	0	0	0	2	1	1	1	1	1	0	2	2	0	1	0	2	0	2	0	2	1	1	2
"c504"	2	1	2	0	0	0	2	1	1	1	1	1	0	2	1	0	1	0	0	1	2	0	2	1	1	2
"c505"	2	1	2	0	0	0	2	1	1	1	1	1	0	2	1	0	1	0	0	2	2	0	2	1	1	2
"c506"	2	1	2	0	0	0	2	1	1	1	1	1	0	2	1	0	1	0	1	2	2	0	2	1	1	2
"c507"	2	1	1	1	2	1	1	0	2	0	0	2	1	2	0	1	2	1	0	1	1	1	2	0	0	2
"c508"	2	1	2	0	0	0	2	1	1	1	1	1	0	2	2	0	1	0	0	2	2	0	2	1	1	2
"c509"	2	1	2	1	1	1	1	0	2	0	0	2	2	2	0	1	2	1	0	1	0	1	2	0	0	2
"c510"	2	1	1	1	2	1	1	0	2	0	0	2	1	2	0	2	2	1	0	1	0	1	2	0	0	2
"c511"	2	1	1	1	1	2	0	0	2	0	0	2	1	2	0	1	2	1	0	1	1	1	2	0	0	2
"c512"	2	1	1	1	1	1	1	0	2	0	0	2	1	2	0	1	2	1	0	1	1	1	2	0	0	2
"c513"	2	1	1	1	1	1	1	1	1	1	1	2	1	2	0	1	1	1	1	0	2	1	2	1	1	2
"c514"	2	1	2	0	1	0	2	1	1	1	1	1	0	2	1	0	1	0	1	2	2	0	2	1	1	2
"c515"	2	0	1	1	1	1	1	0	2	0	0	2	1	2	0	1	2	2	0	1	2	1	0	0	0	2
"c516"	2	1	1	1	1	1	1	0	2	0	0	2	1	2	0	1	2	0	0	1	0	1	2	0	0	2
"c517"	2	1	1	1	1	1	1	0	2	0	0	2	1	2	0	1	2	1	0	1	2	1	2	0	0	2
"c518"	2	1	1	1	0	1	1	0	2	0	0	2	1	2	0	1	2	1	0	0	0	1	2	0	0	2
"c519"	2	1	0	0	1	1	1	0	2	0	0	2	1	2	0	1	2	1	0	1	2	1	2	0	0	2
"c520"	2	0	1	1	1	1	1	0	2	0	0	2	1	2	0	1	2	1	3	1	2	1	2	0	0	2
"c521"	2	1	1	1	1	1	1	1	1	1	1	1	1	2	1	1	1	1	0	1	2	1	2	1	1	2
"c522"	2	2	2	0	0	0	2	1	1	1	1	2	0	2	2	0	1	0	1	2	2	0	2	1	1	2
"c523"	2	1	1	1	1	1	1	0	2	0	0	2	2	2	0	1	2	1	0	1	1	2	2	0	0	2
"c524"	2	1	2	0	0	0	2	1	1	1	1	1	0	2	2	0	1	0	2	2	2	0	2	1	1	2
"c525"	2	1	1	1	1	1	1	0	2	0	0	2	1	2	0	1	2	1	0	1	1	1	2	0	0	2
"c526"	2	1	2	0	0	0	1	1	1	1	1	1	0	2	1	0	1	0	0	1	2	0	2	1	1	2
"c527"	2	1	2	0	0	0	1	1	1	1	1	1	0	2	1	0	1	0	1	1	2	0	2	1	1	2
"c528"	2	1	1	1	1	1	1	0	2	0	0	2	1	2	0	1	2	1	0	1	1	1	2	0	0	2
"c529"	2	1	2	0	0	0	2	1	1	1	1	1	0	2	1	0	1	0	0	1	2	0	2	1	1	2
"c530"	2	1	0	1	1	1	1	0	2	0	0	2	1	2	0	1	2	1	0	1	0	1	2	0	0	2
"c531"	0	1	2	0	0	0	2	1	1	1	2	1	0	2	2	0	1	0	3	2	0	0	2	2	0	2
"c532"	2	1	1	1	1	1	1	0	2	0	0	2	1	2	0	1	2	1	0	1	1	1	2	0	0	2
"c533"	2	1	1	1	2	2	1	0	2	0	0	2	1	2	0	1	2	1	0	1	1	1	2	0	0	2
"c534"	2	0	2	0	0	0	2	0	1	1	1	0	0	2	0	0	0	0	1	2	2	0	2	1	1	2
"c535"	2	2	1	1	0	1	1	0	2	0	0	2	1	2	0	1	2	1	0	1	1	1	2	0	0	2
"c536"	2	1	2	0	0	0	2	1	1	1	1	1	0	2	2	0	1	0	1	2	2	0	2	1	1	2
"c537"	2	2	1	1	1	1	1	0	2	0	0	2	1	2	3	1	2	1	0	1	0	1	2	0	0	2
"c538"	2	1	2	0	0	0	2	1	1	1	1	1	0	2	1	0	1	0	0	2	2	0	2	1	1	2
"c539"	2	0	2	0	0	0	2	1	1	1	2	1	0	2	1	0	0	3	3	2	2	0	2	1	1	2
"c540"	2	0	2	1	0	1	1	0	2	0	0	2	1	2	0	1	2	1	0	1	1	1	2	0	0	0
"c541"	2	1	1	1	1	1	1	0	2	0	0	2	1	2	0	1	2	1	0	1	1	1	2	0	0	2
"c542"	2	1	1	1	0	0	1	0	2	0	0	2	1	2	0	0	2	1	3	2	1	1	2	0	0	2
"c543"	2	1	1	1	1	2	1	0	2	0	0	2	1	2	0	1	2	1	0	1	1	1	2	0	0	2
"c544"	2	1	1	1	1	1	1	0	2	0	0	2	1	2	0	1	2	1	0	1	1	1	2	0	0	2
"c545"	2	1	2	0	0	0	1	1	1	1	1	1	0	2	1	0	1	0	0	2	2	0	2	1	1	2
"c546"	2	2	2	0	0	0	2	0	1	1	1	1	0	2	0	0	1	0	0	2	2	0	2	1	1	2
"c547"	2	0	1	2	1	1	1	0	2	0	0	2	1	2	0	1	2	1	0	1	0	1	2	0	0	2
"c548"	2	1	1	1	1	1	1	0	2	0	0	2	1	2	0	1	2	0	0	1	1	1	2	0	0	2
"c549"	2	1	1	1	1	1	1	0	2	0	0	2	1	2	0	1	2	1	0	1	1	1	2	0	0	2
"c551"	2	1	1	1	1	1	1	0	2	0	0	2	1	2	0	1	2	1	0	1	2	1	2	0	0	2
"c552"	2	1	2	0	0	0	2	1	1	1	1	1	0	2	0	0	1	0	0	2	2	0	2	1	1	2
"c553"	2	1	2	0	0	0	2	1	1	1	1	1	0	2	0	0	1	0	1	2	2	0	2	1	1	2
"c554"	2	1	2	0	0	0	2	1	1	1	1	1	0	2	2	0	1	0	1	2	2	0	2	1	1	2
"c555"	2	1	1	1	1	2	1	0	2	0	0	2	2	2	0	1	2	1	0	1	0	1	2	0	0	2
"c556"	2	1	2	0	0	0	2	1	2	0	1	1	0	2	1	0	1	0	1	2	2	0	2	1	1	2
"c557"	2	1	1	1	1	1	1	0	2	0	0	2	1	2	0	1	2	1	0	1	1	1	2	0	0	2
"c558"	2	0	1	1	1	1	1	0	2	0	0	2	1	2	0	1	2	1	0	1	1	1	2	0	0	2
"c559"	2	1	1	1	1	1	1	0	0	0	0	2	1	2	0	1	2	1	0	1	1	1	2	0	0	2
"c560"	0	1	2	0	0	0	2	1	1	1	1	1	0	2	1	0	1	0	3	2	2	0	2	1	1	2
"c561"	2	1	1	1	2	1	1	0	2	0	0	2	1	2	0	1	2	1	0	1	1	0	2	0	0	2
"c562"	2	1	2	0	0	0	2	1	1	1	1	1	0	2	2	0	1	0	1	2	2	0	2	1	1	2
"c563"	2	1	2	0	0	0	2	1	1	1	1	1	0	2	1	0	1	0	2	2	2	0	2	1	1	2
"c564"	2	2	2	0	0	0	2	1	1	1	1	1	0	2	0	0	1	0	3	2	2	0	2	1	1	2
"c565"	2	1	2	0	0	0	2	1	1	1	1	1	0	2	1	0	1	0	1	2	0	0	2	1	1	2
"c566"	2	2	2	0	0	0	2	1	1	1	1	1	0	2	0	0	1	0	1	2	2	0	2	1	1	2
"c567"	2	1	1	1	1	0	1	0	2	0	0	2	1	2	0	1	2	1	0	1	1	1	2	0	0	2
"c568"	2	0	1	1	1	0	1	0	2	0	0	3	1	2	0	1	2	2	0	0	0	1	2	0	0	2
"c569"	2	1	2	0	0	0	2	1	1	1	1	1	0	2	0	0	0	0	3	2	2	0	2	1	1	2
"c570"	2	2	2	0	0	0	2	1	1	1	1	1	0	2	2	0	1	0	0	2	2	0	2	1	0	2
"c571"	2	1	1	1	1	1	1	0	2	0	0	2	1	2	0	2	2	1	0	1	1	1	2	0	0	2
"c572"	2	1	1	1	1	1	1	0	2	0	0	2	1	2	0	0	2	1	0	1	1	1	2	0	0	2
"c573"	2	1	2	0	0	0	2	1	1	1	2	1	0	2	2	0	1	0	1	2	2	0	2	1	1	2
"c574"	2	1	2	1	0	0	2	1	1	1	1	1	0	2	1	0	1	0	2	2	2	0	2	1	1	2
"c575"	2	0	2	0	0	0	2	0	0	2	1	1	0	2	2	0	1	0	2	2	2	0	2	1	0	2
"c576"	2	1	2	0	0	0	2	1	1	1	1	1	0	2	1	0	1	0	1	2	2	0	2	1	1	2
"c577"	2	1	2	0	0	0	2	1	1	1	1	1	0	2	2	0	1	0	2	2	0	0	2	1	2	2
"c578"	0	1	2	0	0	0	2	1	1	1	1	1	0	2	1	0	1	0	0	2	2	0	2	1	1	2
"c579"	2	0	2	0	0	0	2	2	1	1	1	2	0	2	2	0	1	0	0	2	3	0	2	1	1	2
"c580"	2	1	1	1	1	1	1	0	2	0	0	2	1	2	0	1	2	1	0	1	1	1	2	0	0	2
"c581"	2	1	1	1	2	1	1	0	2	0	0	2	1	2	0	1	1	1	0	1	2	1	2	0	0	2
"c582"	2	1	1	1	1	1	1	0	2	0	0	2	1	2	0	1	2	1	0	1	1	1	2	0	0	2
"c583"	2	1	2	0	0	0	1	1	1	1	1	1	0	2	1	0	1	0	3	2	2	0	2	1	1	2
"c584"	2	1	2	0	0	0	1	1	1	1	1	1	0	2	1	0	1	0	1	2	2	0	2	1	1	2
"c585"	2	1	1	1	1	1	1	0	2	0	0	2	1	2	3	0	2	1	3	1	2	1	0	0	0	2
"c586"	2	0	2	0	0	0	2	1	1	1	1	1	0	2	0	0	1	0	0	2	2	0	2	1	1	2
"c587"	2	1	1	1	1	1	1	0	3	3	0	0	1	2	0	1	2	0	0	1	1	1	2	0	0	2
"c589"	2	1	1	1	1	1	1	0	2	0	0	2	1	2	0	1	2	1	0	1	0	1	2	0	0	2
"c590"	2	1	2	0	0	0	2	1	1	1	1	1	0	2	1	0	1	0	0	2	2	0	2	1	1	2
"c591"	2	1	2	0	0	0	2	1	1	1	1	2	0	2	1	0	1	0	2	2	2	0	2	1	1	2
"c592"	2	1	1	1	1	1	1	0	2	0	0	2	1	2	0	1	2	1	0	1	0	1	2	0	0	2
"c593"	2	1	1	1	1	0	2	0	2	0	0	2	1	2	0	1	2	1	0	1	1	1	2	0	0	2
"c594"	2	1	2	0	0	0	2	0	1	1	1	1	0	2	2	0	1	0	0	2	2	0	2	2	1	2
"c595"	2	2	0	2	2	1	1	0	2	0	0	2	1	2	0	1	2	1	0	1	1	1	2	0	0	2
"c596"	2	1	2	0	0	0	2	1	1	1	1	0	0	2	1	0	1	0	1	2	2	0	2	1	1	2
"c597"	2	1	1	1	1	1	1	0	2	0	0	2	1	2	0	1	2	1	0	1	1	1	2	0	0	2
"c598"	2	1	2	0	1	0	2	1	1	1	1	0	0	2	1	0	1	0	1	2	2	0	2	1	1	2
"c599"	2	1	1	1	1	1	1	0	2	0	0	2	1	2	0	0	2	1	0	1	1	1	2	0	0	2
"c600"	2	1	2	0	0	0	2	1	1	1	1	1	0	2	1	0	1	0	2	1	2	0	2	0	1	2
"c601"	2	1	1	1	1	1	1	0	2	0	0	2	1	2	0	1	2	1	0	1	1	1	2	0	0	2
"c602"	2	1	2	0	0	0	2	1	1	1	1	1	0	2	1	0	1	0	1	2	2	0	2	1	1	2
"c603"	2	1	1	1	1	1	1	0	2	0	0	2	1	2	0	1	2	1	0	1	0	1	2	0	0	2
"c604"	2	1	1	1	1	1	1	0	2	0	0	2	1	2	0	1	2	1	0	1	1	1	2	0	0	2
"c605"	2	0	2	0	0	0	2	1	1	1	1	1	0	2	0	0	1	0	0	1	2	0	2	1	1	2
"c606"	2	1	1	1	2	1	1	0	2	0	0	2	1	2	0	0	2	1	0	1	0	2	2	0	0	2
"c607"	2	0	2	0	0	0	2	1	1	1	1	1	0	2	2	0	1	0	0	1	2	0	2	1	1	2
"c608"	2	1	2	0	0	0	2	1	1	1	1	1	0	2	1	0	1	0	0	2	2	0	2	1	1	2
"c609"	2	1	2	0	1	0	2	1	1	1	1	1	0	2	1	0	1	0	1	1	2	0	2	1	1	2
"c610"	2	1	2	0	0	0	2	2	1	1	0	2	0	2	1	0	1	0	2	2	2	0	2	0	1	2
"c611"	2	1	1	1	1	1	1	0	2	0	0	2	1	2	0	1	2	1	0	1	0	1	2	0	0	2
"c612"	2	1	1	1	1	1	1	0	2	0	0	2	1	2	0	1	2	1	0	1	2	1	2	0	0	2
"c613"	2	2	1	1	0	1	1	0	2	0	0	2	1	2	3	1	2	1	0	2	2	1	2	0	0	2
"c614"	2	1	2	0	0	0	2	1	1	1	2	2	0	2	1	0	1	0	3	2	2	0	2	0	1	2
"c615"	2	1	1	1	1	1	1	0	2	0	0	2	1	2	0	1	2	1	0	1	1	1	2	0	0	2
"c616"	2	1	2	0	0	0	2	1	1	1	1	1	0	2	0	0	1	0	2	2	2	0	2	1	1	2
"c617"	2	1	1	1	1	1	1	0	2	0	0	2	1	2	0	1	2	1	0	1	1	1	2	0	0	2
"c618"	2	1	2	0	0	0	2	1	1	1	1	1	0	2	1	0	0	0	2	2	2	0	2	1	1	2
"c619"	2	0	2	0	0	0	2	2	2	0	2	2	3	3	0	3	2	0	2	2	3	0	2	2	3	2
"c620"	2	1	1	1	1	1	1	1	1	1	1	1	1	2	1	1	1	1	1	1	1	1	2	1	1	2
"c622"	2	1	1	1	1	1	0	0	2	0	0	2	1	2	0	1	2	1	0	1	2	1	2	0	0	2
"c623"	2	1	1	1	1	1	1	0	2	0	0	2	1	2	0	1	2	1	0	1	1	1	2	0	0	2
"c624"	2	1	2	0	0	0	2	1	1	1	1	1	0	2	0	0	1	0	0	2	2	0	2	1	1	2
"c625"	2	1	1	1	1	1	1	0	2	0	0	2	1	2	0	1	2	1	0	1	1	1	2	0	0	2
"c626"	2	1	2	0	0	0	2	1	1	1	1	1	0	2	1	0	1	0	2	1	2	0	2	1	1	2
"c627"	2	0	2	0	0	0	2	1	1	1	1	0	0	2	1	0	1	0	2	1	2	0	2	1	1	2
"c628"	2	1	1	1	1	1	1	0	2	0	0	2	1	2	0	1	2	1	0	1	1	1	2	0	0	2
"c629"	2	1	2	0	0	0	2	1	1	1	1	1	0	2	1	0	1	0	1	2	2	0	2	1	1	2
"c630"	2	2	1	1	1	2	0	0	2	0	0	2	1	2	0	1	2	1	0	1	2	1	2	0	0	2
"c631"	2	2	1	1	1	0	1	0	2	0	0	2	1	2	0	1	2	1	0	0	0	1	2	0	0	2
"c632"	2	1	1	1	1	1	1	0	2	0	0	2	1	2	0	1	2	1	0	1	1	1	2	0	0	2
"c633"	2	2	1	1	1	1	2	0	2	0	0	2	1	2	0	1	2	1	0	1	0	1	0	0	0	2
"c634"	2	0	1	1	1	1	1	0	2	0	0	2	1	2	0	1	2	1	0	1	0	1	2	0	0	2
"c635"	2	1	2	0	0	0	2	2	1	1	2	0	0	2	2	0	0	0	0	2	0	0	2	1	2	2
"c636"	2	1	1	1	1	1	1	0	2	0	0	2	1	2	0	1	2	1	0	1	1	1	2	0	0	2
"c637"	2	1	2	0	0	0	2	1	1	1	1	1	0	2	2	0	1	0	1	2	2	0	2	1	1	2
"c638"	2	0	1	1	1	1	1	0	2	0	0	2	1	2	0	1	2	1	0	1	0	1	2	0	0	2
"c639"	2	0	2	0	0	0	2	1	1	1	1	1	0	2	0	0	1	0	3	2	2	0	2	2	1	2
"c640"	2	2	2	0	0	0	2	2	1	1	1	1	0	2	0	0	1	0	0	2	2	0	2	1	1	2
"c641"	2	2	0	1	1	1	1	0	2	0	0	2	1	2	0	1	2	1	0	1	0	1	2	0	0	2
"c642"	2	1	1	1	1	1	1	1	1	1	1	0	1	2	1	1	1	1	0	1	2	1	2	1	1	2
"c643"	2	1	2	0	0	0	2	1	1	1	1	1	0	2	1	0	1	0	1	2	2	0	2	1	1	2
"c644"	2	1	1	1	1	1	1	0	2	0	0	2	1	2	0	1	2	1	0	1	1	1	2	0	0	2
"c645"	2	1	1	1	1	1	1	0	2	0	0	2	1	2	0	1	2	1	0	1	1	1	2	0	0	2
"c646"	2	1	2	0	0	0	2	1	1	1	1	1	0	2	2	0	1	0	0	2	2	0	2	1	1	2
"c647"	2	1	2	0	0	0	2	1	0	2	1	1	0	2	2	0	1	0	0	2	2	0	2	1	1	2
"c648"	2	1	1	1	1	1	1	0	2	0	0	2	1	2	0	1	2	1	0	1	1	1	2	0	0	2
"c649"	2	2	1	1	1	2	1	0	0	3	0	3	1	2	0	0	2	1	0	1	0	1	2	0	3	0
"c650"	2	1	2	0	0	0	2	1	1	1	1	1	0	2	1	0	1	0	1	2	2	0	2	1	2	2
"c651"	2	1	2	0	0	0	2	1	1	1	1	1	0	2	1	0	1	0	1	2	2	0	2	1	1	2
"c652"	2	0	1	1	1	1	1	0	2	0	0	2	1	2	0	1	2	1	0	1	2	1	2	0	0	2
"c653"	2	1	2	0	0	0	2	1	1	1	1	1	0	2	0	0	1	0	2	2	2	0	2	1	1	2
"c654"	2	0	1	1	0	2	1	0	2	0	0	2	1	2	0	1	2	1	0	1	0	1	2	0	0	2
"c655"	2	0	2	0	0	0	2	0	1	1	1	1	0	2	1	0	1	0	2	2	2	0	2	1	1	2
"c656"	2	1	2	0	0	0	2	1	1	1	1	1	0	2	1	0	1	0	1	2	2	0	2	1	1	2
"c657"	2	2	2	0	0	0	2	1	1	1	1	1	0	2	0	0	1	0	2	2	2	0	2	1	1	2
"c658"	2	1	1	1	1	1	1	0	2	0	0	2	1	2	0	1	2	1	0	1	1	1	2	0	0	2
"c659"	2	1	1	1	0	0	1	0	2	0	0	2	1	2	0	1	2	0	0	1	2	1	2	0	0	2
"c660"	2	0	2	0	0	0	2	1	1	1	0	0	0	2	0	0	0	0	2	2	2	0	2	0	2	2
"c661"	2	1	1	1	1	1	1	0	2	0	0	2	1	2	0	1	2	1	0	1	1	1	2	0	0	2
"c662"	2	1	2	0	0	0	2	1	1	1	0	1	0	2	3	0	1	0	3	2	2	0	2	1	1	2
"c663"	2	1	2	1	1	2	1	0	2	0	0	2	1	2	0	1	2	1	0	1	0	1	2	0	0	2
"c664"	2	1	1	1	1	1	1	0	2	0	0	2	1	2	0	1	2	1	0	1	1	1	2	0	0	2
"c665"	2	1	2	0	0	0	2	0	1	1	1	1	0	2	0	0	1	0	0	2	0	0	2	1	1	2
"c666"	2	0	2	1	1	1	1	0	2	0	0	0	1	2	0	1	2	1	0	1	2	1	2	0	0	2
"c667"	2	1	2	0	0	0	2	1	2	0	2	1	0	2	1	0	1	0	0	2	2	0	2	1	1	2
"c668"	2	1	2	0	0	0	2	1	1	1	1	1	0	2	0	0	1	0	1	1	2	0	2	1	1	2
"c669"	2	1	2	0	0	0	2	1	1	1	1	1	0	2	1	0	1	0	1	1	2	0	2	1	1	2
"c670"	2	1	1	1	1	1	1	0	2	0	0	2	1	2	0	1	2	1	0	1	1	1	2	0	0	2
"c671"	2	1	2	0	0	0	2	1	1	1	1	1	0	2	1	0	1	0	1	2	2	0	2	1	1	2
"c672"	2	1	2	0	0	0	2	1	1	1	0	0	0	2	1	0	0	0	0	2	2	0	2	1	0	2
"c673"	2	1	2	0	0	0	2	1	1	1	1	1	0	2	2	0	1	0	1	2	2	0	2	1	1	2
"c674"	2	1	1	1	1	1	1	0	2	0	0	2	0	2	0	1	2	1	0	1	2	1	2	0	0	2
"c675"	2	1	2	0	0	0	2	1	1	1	1	1	0	2	1	0	1	0	0	2	2	0	2	1	1	2
"c676"	2	0	1	1	1	1	1	0	2	0	0	2	2	2	0	2	2	1	3	1	1	1	2	0	0	2
"c677"	2	1	1	1	1	1	1	0	2	0	0	2	1	2	0	1	2	1	0	1	1	1	2	0	0	2
"c678"	2	1	1	1	1	1	1	1	1	0	1	2	1	2	0	1	1	1	0	1	2	1	2	1	0	2
"c679"	2	1	2	0	0	0	2	1	1	1	1	1	0	2	1	0	1	0	0	2	2	0	2	1	1	2
"c680"	2	1	1	1	1	1	1	0	2	0	0	2	1	2	0	1	2	1	0	1	1	1	2	3	0	2
"c681"	2	2	1	1	1	1	1	0	2	0	0	2	0	2	0	1	2	2	0	1	2	1	2	0	0	2
"c682"	2	1	1	1	1	1	1	0	2	0	0	2	1	2	0	2	2	1	0	1	0	1	2	0	0	2
"c683"	2	1	2	0	0	0	2	1	1	1	1	1	0	2	1	0	1	0	0	2	2	0	2	1	1	2
"c684"	2	1	1	1	1	1	1	0	2	0	0	2	1	2	0	1	2	1	0	1	1	1	2	0	0	2
"c685"	2	1	1	1	1	1	1	0	2	0	0	2	1	2	0	1	2	1	0	1	1	1	2	0	0	2
"c686"	2	1	2	0	0	0	2	1	1	1	1	1	0	2	1	0	1	0	0	2	2	0	2	1	1	2
"c687"	2	1	1	1	1	1	1	0	2	0	0	0	1	2	0	1	2	1	0	1	1	1	2	0	0	2
"c688"	2	1	1	1	0	1	2	0	2	0	0	2	1	2	0	1	2	2	0	1	1	1	2	0	0	3
"c689"	2	1	2	1	1	1	1	0	2	0	0	2	1	2	0	2	2	1	0	1	1	0	2	0	0	2
"c690"	2	2	1	1	1	1	1	0	2	0	0	2	1	2	0	1	2	1	0	1	1	1	2	0	0	0
"c691"	2	1	1	1	1	1	1	0	2	0	0	2	1	2	0	1	2	1	0	1	0	1	2	0	0	2
"c692"	2	1	2	0	0	0	1	1	1	1	1	1	0	2	1	0	1	0	2	2	0	0	2	1	1	2
"c693"	2	1	1	1	1	1	1	0	2	0	0	2	1	2	0	1	2	1	0	1	1	1	2	0	0	2
"c694"	2	1	2	0	0	0	2	0	1	1	1	1	0	2	0	0	1	0	0	2	2	0	2	0	1	2
"c695"	0	1	2	0	0	0	2	2	1	1	1	1	0	2	0	0	1	0	0	2	2	0	2	1	1	2
"c696"	2	1	2	0	0	0	2	1	2	0	1	1	0	2	1	0	1	0	2	2	2	0	2	1	1	2
"c697"	2	1	1	1	1	1	1	0	2	0	0	2	1	2	0	1	2	1	0	1	0	1	2	0	0	2
"c698"	2	1	1	1	1	1	1	0	2	0	0	2	1	2	0	1	2	1	0	1	2	1	2	0	0	2
"c699"	2	1	1	1	1	1	1	0	2	0	0	2	1	2	0	1	2	1	0	1	1	1	2	0	0	2
"c700"	2	0	1	2	1	1	1	0	2	0	0	2	1	2	0	0	2	0	0	1	0	1	2	0	0	2
"c701"	2	0	1	1	0	1	1	0	0	0	2	2	1	2	0	1	2	2	0	1	1	1	2	0	0	2
"c702"	2	1	1	1	1	1	1	0	2	0	0	2	1	2	0	1	2	1	0	1	0	1	2	0	0	2
"c703"	2	1	1	1	1	1	1	0	2	0	0	2	2	2	0	0	2	1	0	1	1	1	2	0	0	2
"c704"	2	1	1	1	1	0	1	0	2	0	0	0	1	2	0	1	2	1	0	1	0	1	2	0	0	2
"c705"	2	0	1	1	1	1	1	0	2	0	0	2	1	2	0	1	2	1	0	1	0	1	2	0	0	2
"c706"	2	1	1	1	1	1	1	0	2	0	0	2	1	2	0	1	2	1	0	1	0	1	2	0	0	2
"c707"	2	1	2	0	1	0	1	1	1	1	1	1	0	2	1	0	1	0	1	2	2	0	2	1	1	2
"c708"	2	1	2	0	0	0	2	1	1	1	1	1	0	2	0	0	1	0	0	2	2	0	2	1	1	2
"c709"	2	1	2	0	0	0	2	1	1	1	1	1	0	2	2	0	1	0	2	2	2	0	2	1	1	2
"c710"	2	1	2	0	0	0	1	1	1	1	1	1	0	2	2	0	1	0	1	2	2	0	2	1	1	2
"c711"	2	0	1	1	1	1	1	0	1	0	0	2	1	2	0	1	2	2	0	1	1	1	2	0	0	2
"c712"	2	1	1	1	1	1	1	0	2	0	0	2	1	2	0	1	2	1	0	1	2	1	2	0	0	2
"c713"	2	0	2	0	0	0	2	1	1	1	1	0	0	2	2	0	0	0	0	2	2	0	2	1	1	2
"c714"	0	1	2	0	0	0	2	1	1	1	1	1	0	2	1	0	1	0	0	2	2	0	2	1	1	2
"c715"	2	1	2	0	0	0	0	1	1	1	1	1	0	2	1	0	1	0	0	2	2	0	2	1	1	2
"c716"	2	1	1	1	1	1	1	0	2	0	0	2	1	2	0	1	2	1	0	1	1	1	2	0	0	2
"c717"	2	0	1	1	1	1	1	0	2	0	0	2	1	2	0	1	2	1	0	1	1	1	2	0	0	2
"c718"	2	1	1	1	1	1	1	0	2	0	0	2	1	2	0	1	2	1	0	1	2	1	2	0	0	2
"c719"	2	1	1	1	1	1	1	0	2	0	0	2	1	2	0	1	2	1	0	1	1	1	2	0	0	2
"c720"	2	0	2	0	0	0	2	0	0	2	0	0	0	2	1	0	0	0	0	2	2	0	2	1	1	2
"c721"	2	0	2	0	0	0	2	1	1	1	1	2	0	2	1	0	1	0	0	2	2	0	2	1	1	2
"c722"	2	1	2	0	0	0	2	2	2	0	2	2	0	2	1	0	1	0	0	2	2	0	2	1	1	2
"c723"	2	3	2	0	0	0	2	1	1	1	1	0	0	0	2	0	1	0	0	2	2	0	2	1	1	2
"c724"	2	1	2	0	0	0	2	1	2	0	1	2	0	2	0	0	1	0	0	2	2	0	2	0	1	2
"c725"	2	0	2	0	0	0	2	1	1	1	1	1	0	2	1	0	1	0	2	2	2	0	2	0	1	2
"c726"	2	0	2	0	0	0	2	0	0	2	1	0	0	2	0	0	1	0	0	1	2	0	2	1	1	2
"c727"	2	1	2	0	0	0	2	1	2	0	1	1	0	2	1	0	1	0	0	1	2	0	2	1	1	2
"c728"	2	1	2	0	0	0	2	1	1	1	1	1	0	2	2	0	1	0	0	2	2	0	2	1	1	2
"c729"	2	2	1	1	1	1	1	0	2	0	0	2	0	2	0	1	2	1	0	1	2	1	2	0	0	2
"c730"	2	1	2	0	0	0	1	0	1	1	1	1	0	2	0	0	1	0	1	2	2	0	2	1	1	2
"c731"	2	1	2	0	1	0	2	1	1	1	1	1	0	2	1	0	1	0	1	1	2	0	2	1	1	2
"c732"	2	1	0	1	1	1	1	0	2	0	0	0	1	2	0	1	2	1	0	1	0	1	2	0	0	2
"c733"	2	1	1	1	1	0	1	0	2	0	0	2	2	2	0	1	2	1	0	1	3	1	2	0	0	2
"c734"	2	1	1	1	0	1	1	0	2	0	0	2	1	2	0	1	2	1	0	1	0	1	2	0	0	2
"c735"	2	1	1	1	1	1	1	0	2	0	0	2	1	2	0	1	2	1	0	1	0	1	2	0	0	2
"c736"	2	1	1	1	1	1	1	0	2	0	0	2	1	2	0	1	2	1	0	1	0	1	2	0	0	2
"c737"	2	1	1	1	1	1	1	0	2	0	0	2	1	2	0	1	2	1	0	1	1	1	2	0	0	2
"c738"	2	1	2	0	0	0	2	1	1	1	1	1	0	2	0	0	1	0	0	2	2	0	2	1	1	2
"c739"	2	1	2	0	0	0	2	1	1	1	1	1	0	2	0	0	1	0	2	2	2	0	2	1	1	2
"c740"	2	1	1	1	0	0	1	0	2	0	0	2	1	2	0	0	2	1	0	1	0	1	2	0	0	2
"c741"	2	0	1	1	0	1	1	0	2	0	0	2	1	2	0	1	2	2	0	1	1	1	2	0	0	2
"c742"	2	1	2	0	0	0	2	1	1	1	1	1	0	2	2	0	1	0	0	2	2	0	2	1	1	2
"c743"	2	0	2	0	0	0	2	0	1	1	1	1	0	2	0	0	1	0	3	2	2	0	2	1	0	2
"c744"	2	2	2	0	0	0	2	1	1	1	1	0	0	2	2	0	2	0	3	2	0	0	2	1	0	2
"c745"	2	1	1	1	1	2	1	0	2	0	0	2	0	3	0	1	2	1	0	1	0	1	2	0	0	2
"c746"	2	1	2	0	0	0	2	2	1	1	1	1	0	2	1	0	1	0	0	2	2	0	2	1	1	2
"c747"	2	0	1	1	1	0	1	0	2	0	0	2	0	2	0	1	2	1	0	1	0	1	2	0	0	2
"c748"	2	1	2	0	0	0	2	1	1	1	1	1	0	2	1	0	1	0	3	2	2	0	2	1	1	2
"c749"	2	1	1	1	1	1	1	0	2	0	0	2	1	2	0	1	2	1	0	1	1	1	2	0	0	2
"c750"	2	1	2	0	0	0	2	1	1	1	1	1	0	2	1	0	1	0	1	2	2	0	2	1	1	2
"c751"	2	0	1	1	1	2	1	0	2	0	0	2	1	2	0	1	2	1	0	1	2	1	2	0	0	2
"c752"	2	1	2	0	0	0	2	1	1	1	1	1	0	2	2	0	1	0	3	2	2	0	2	1	1	2
"c753"	2	1	1	2	1	1	1	0	2	0	0	2	1	2	0	1	2	1	3	1	0	1	2	3	0	2
"c754"	2	1	2	0	0	0	2	1	1	1	1	1	0	2	1	0	1	0	1	2	2	0	2	1	1	2
"c755"	2	2	1	1	1	1	1	0	2	0	0	2	1	2	0	1	2	1	0	1	1	1	2	0	0	2
"c756"	2	1	2	0	0	0	2	1	1	1	1	1	0	2	1	0	1	0	0	2	2	0	2	1	1	2
"c757"	2	1	1	1	1	1	1	0	2	0	0	2	1	2	0	1	2	1	0	1	1	1	2	0	1	2
"c758"	2	0	2	0	0	0	2	1	1	1	1	1	0	2	0	0	1	0	2	1	2	0	2	1	1	2
"c759"	2	1	2	0	0	0	1	1	1	1	1	1	0	2	1	0	1	0	0	2	2	0	2	1	1	2
"c760"	2	1	1	1	1	0	1	0	2	0	0	2	1	2	0	1	2	1	0	1	1	1	2	0	0	2
"c761"	0	1	2	1	1	1	1	0	2	0	0	2	1	2	0	1	2	2	0	2	1	1	2	0	0	2
"c762"	2	1	1	1	1	1	1	0	2	0	0	2	1	2	0	1	2	1	0	1	1	1	2	0	0	2
"c763"	2	1	1	1	1	1	1	0	2	0	0	2	1	2	0	1	2	0	0	1	0	1	2	0	0	2
"c764"	2	1	2	0	0	0	2	2	2	0	2	0	0	2	1	0	1	0	2	2	2	0	2	1	1	2
"c765"	2	1	1	1	1	1	1	0	2	0	0	2	1	2	0	1	2	1	0	1	0	1	2	0	0	2
"c766"	2	1	1	1	1	0	1	1	1	1	1	1	1	2	1	1	1	1	0	1	1	1	2	1	1	2
"c767"	2	1	2	0	0	0	2	1	1	1	1	1	0	2	1	0	1	0	0	2	2	0	2	0	1	2
"c769"	2	1	2	0	0	0	2	1	1	1	1	1	0	2	0	0	1	0	1	2	2	0	2	1	1	2
"c770"	2	1	2	0	0	0	2	1	1	1	1	2	0	2	0	0	1	0	1	2	2	0	2	1	1	2
"c771"	2	1	2	0	0	0	2	1	1	1	1	1	0	2	0	0	1	0	0	2	2	0	2	1	1	2
"c772"	2	1	1	1	1	1	1	0	2	0	0	2	1	2	0	1	2	1	0	1	1	1	0	0	0	2
"c773"	2	1	1	1	1	1	1	0	2	0	0	2	1	2	0	1	2	1	0	1	0	1	2	0	0	2
"c774"	2	1	2	0	0	0	2	1	1	1	1	0	0	2	3	0	1	0	0	2	2	0	2	2	1	2
"c775"	2	1	2	0	0	0	2	1	1	1	1	1	0	2	1	0	0	0	2	2	2	0	2	1	1	2
"c776"	2	1	2	0	0	0	2	1	1	1	1	1	0	2	2	0	1	0	1	1	2	0	2	1	1	2
"c777"	2	0	2	0	0	0	2	1	1	1	0	1	0	2	2	0	1	0	2	2	2	0	2	1	2	2
"c778"	2	1	2	0	0	0	2	1	1	1	1	1	0	2	2	0	1	0	2	2	2	0	2	1	1	2
"c779"	2	1	2	0	1	0	2	1	1	1	1	1	0	2	1	0	1	0	0	2	2	0	2	1	1	2
"c780"	2	1	2	0	0	0	2	2	0	0	1	1	0	2	2	0	1	0	3	2	2	0	2	1	1	2
"c781"	2	1	1	1	1	1	1	0	2	0	0	2	1	2	0	1	2	1	0	1	1	1	2	0	0	2
"c782"	2	0	1	1	1	1	1	0	2	0	0	2	1	2	0	1	2	1	0	1	1	1	2	0	0	2
"c783"	2	1	1	1	1	0	1	0	2	0	0	2	1	2	0	1	2	1	0	1	2	1	2	0	0	2
"c784"	2	2	2	0	0	0	2	0	1	1	1	1	0	2	1	0	2	0	2	2	2	0	2	1	1	2
"c785"	2	1	0	1	1	1	1	0	2	0	0	2	1	2	0	1	2	1	0	1	0	1	2	0	0	2
"c786"	2	1	1	1	1	1	1	0	2	0	0	2	1	2	0	1	2	0	0	1	0	0	2	0	0	2
"c787"	2	1	2	0	0	0	2	1	1	1	1	1	0	2	2	0	1	0	0	2	2	0	2	1	1	2
"c788"	2	1	1	1	1	1	1	0	2	0	0	2	1	2	0	1	2	2	0	1	0	1	2	0	0	3
"c789"	2	1	1	1	1	1	1	1	1	1	1	1	1	2	1	1	1	1	0	1	1	1	2	1	1	2
"c790"	2	1	1	1	1	1	1	0	2	0	0	2	1	2	0	1	2	1	0	1	0	1	2	0	0	2
"c791"	2	0	1	1	0	0	1	0	2	0	0	2	1	2	0	1	2	1	0	1	0	1	2	0	0	2
"c792"	2	2	1	1	1	0	1	0	2	0	0	2	1	2	0	1	2	1	0	0	1	1	2	0	0	2
"c793"	2	1	1	1	1	1	1	0	2	0	0	2	1	2	0	1	2	1	0	1	1	1	2	0	0	2
"c794"	2	1	1	1	1	1	1	0	2	0	0	2	1	2	0	0	2	1	0	1	1	1	2	0	0	2
"c795"	2	1	2	0	0	0	2	1	1	1	1	1	0	2	1	0	1	0	2	2	2	0	2	1	1	2
"c796"	2	1	2	0	0	0	2	1	1	1	1	1	0	2	1	0	1	0	1	2	2	0	2	1	1	2
"c797"	2	0	2	0	0	0	2	1	1	1	1	1	0	2	0	0	1	0	2	2	2	0	2	1	1	2
"c798"	2	1	2	0	0	0	2	1	1	1	1	1	0	2	1	0	1	0	1	1	2	0	2	1	1	2
"c799"	2	1	2	0	0	0	1	1	1	1	1	1	0	2	1	0	1	0	0	2	2	0	2	1	1	2
"c800"	0	0	2	0	0	0	2	0	0	2	0	0	0	2	0	0	1	0	3	2	0	0	2	2	1	2
"c801"	2	1	1	1	0	1	1	0	1	0	1	1	1	2	1	1	1	1	1	1	1	1	2	0	1	2
"c802"	2	2	2	0	0	0	2	1	1	1	2	2	0	2	0	0	1	0	2	2	2	0	2	1	1	2
"c803"	2	1	2	0	0	0	2	1	1	1	1	1	0	2	2	0	1	0	2	2	2	0	2	1	1	2
"c804"	2	1	1	1	1	1	1	0	2	0	0	2	1	2	0	1	2	1	0	1	1	1	2	0	0	2
"c805"	2	1	1	1	1	1	1	0	2	0	0	2	1	2	0	1	2	1	0	1	1	1	2	0	0	2
"c806"	2	1	1	1	1	1	1	0	2	0	0	0	1	2	0	1	2	1	0	1	0	1	2	0	0	0
"c807"	2	1	1	1	0	1	1	3	0	3	0	0	1	2	0	1	2	1	0	1	0	1	2	0	0	2
"c808"	2	1	2	0	0	0	2	1	1	1	1	1	0	2	1	0	1	0	1	2	2	0	2	1	1	2
"c809"	2	1	2	0	0	0	2	1	1	1	1	1	0	2	0	0	1	0	2	2	2	0	2	1	1	2
"c810"	2	1	1	1	1	1	1	0	2	0	0	2	1	2	0	1	2	1	0	1	1	1	2	0	0	2
"c811"	2	1	2	0	0	0	2	1	1	1	1	1	0	2	1	0	1	0	1	2	2	0	2	1	1	2
"c812"	2	1	2	0	0	0	1	0	2	0	2	2	0	2	1	0	1	0	0	2	2	0	2	1	1	2
"c813"	2	2	1	1	1	1	1	0	2	0	0	2	1	2	0	1	2	1	3	1	0	1	2	0	0	2
"c814"	2	1	2	0	0	0	2	1	1	1	0	1	0	2	2	0	1	0	2	2	2	0	2	1	1	2
"c815"	2	1	1	1	1	1	1	0	2	0	0	2	1	2	0	1	2	1	0	1	2	1	2	0	0	2
"c816"	2	1	1	1	1	1	1	0	2	0	0	2	1	2	0	1	2	1	0	1	1	1	2	0	0	2
"c817"	2	1	1	1	1	1	1	0	2	0	0	2	1	2	0	1	2	1	0	1	1	1	2	0	0	2
"c818"	2	1	1	1	1	2	1	0	2	0	0	2	1	2	0	1	2	2	0	1	0	1	0	0	0	2
"c819"	2	1	1	1	1	1	1	0	2	0	0	2	1	2	0	1	2	1	0	1	1	1	2	0	0	2
"c820"	2	1	1	1	1	1	1	0	2	0	0	2	1	2	0	1	2	0	0	1	1	1	2	0	0	2
"c821"	2	1	2	0	0	0	1	1	1	1	0	1	0	2	1	0	1	0	0	2	2	0	2	1	1	2
"c822"	2	1	2	0	0	0	2	1	1	1	1	1	0	2	1	0	1	0	1	1	2	0	2	1	1	2
"c823"	2	1	2	0	0	0	2	1	1	1	1	1	0	2	1	0	1	0	2	2	2	0	2	1	1	2
"c824"	2	1	1	1	1	1	1	0	2	0	0	2	1	2	0	1	2	1	0	1	1	1	2	0	0	2
"c825"	0	0	1	1	2	2	1	0	2	0	0	2	1	2	0	1	2	1	0	1	0	1	0	0	0	2
"c826"	2	2	2	0	0	0	2	1	1	1	1	1	0	2	1	0	1	0	0	2	2	0	2	1	1	2
"c827"	2	1	2	0	0	0	2	1	1	1	1	1	0	2	1	0	1	0	1	2	2	0	2	1	1	2
"c828"	2	1	1	1	1	1	1	0	2	0	0	2	1	2	0	1	2	1	0	1	2	1	2	0	0	2
"c829"	2	0	1	1	1	0	1	0	2	0	0	2	1	2	0	1	2	1	0	1	1	1	2	0	0	2
"c830"	2	1	1	1	1	1	1	0	2	0	0	2	1	2	0	1	2	1	0	0	0	1	2	0	0	2
"c832"	2	2	0	0	0	1	1	0	2	0	0	2	1	2	0	1	2	1	0	1	1	1	2	0	0	2
"c833"	2	1	2	0	0	0	2	1	1	1	1	1	0	2	2	0	1	0	1	2	2	0	2	1	1	2
"c834"	2	1	2	0	1	0	2	1	1	1	1	1	0	2	1	0	1	0	1	2	2	0	2	1	1	2
"c835"	2	1	1	1	1	1	1	0	2	0	0	2	1	2	0	1	2	0	0	1	1	1	2	0	0	2
"c836"	2	1	2	0	0	0	1	1	1	1	1	1	0	2	1	0	1	3	2	2	2	0	2	2	1	2
"c837"	2	0	1	1	2	1	1	0	2	0	0	2	2	2	0	1	2	1	0	1	1	1	3	0	0	2
"c838"	2	1	1	1	1	2	1	0	2	0	0	2	1	2	0	1	2	1	0	1	1	1	2	0	0	2
"c839"	2	1	1	1	1	1	1	0	2	0	0	2	1	2	0	1	2	1	0	1	1	1	2	0	0	2
"c840"	2	2	2	0	0	0	2	2	1	1	1	0	0	2	1	0	1	0	2	2	2	0	2	0	1	2
"c841"	2	1	1	1	1	1	1	0	2	0	0	2	1	2	0	1	2	1	0	1	1	1	2	0	0	2
"c842"	2	1	1	1	1	1	1	0	2	0	0	2	1	2	0	1	2	1	0	1	1	1	2	0	0	2
"c843"	2	1	1	1	1	1	1	0	2	0	0	2	1	2	0	1	2	0	0	1	1	1	2	0	0	2
"c844"	2	3	2	0	0	3	2	2	2	0	2	2	0	2	2	0	3	3	3	2	2	3	2	2	0	2
"c845"	2	1	2	0	0	0	2	1	1	1	1	0	0	2	1	0	1	0	0	2	2	0	2	1	1	2
"c846"	2	1	1	1	0	1	1	1	1	1	1	1	1	2	1	1	1	1	1	1	2	1	2	1	1	2
"c847"	2	1	1	1	1	1	1	0	2	0	0	2	1	2	0	1	2	1	0	1	1	1	2	0	0	2
"c848"	2	1	2	0	0	0	2	1	1	1	1	1	0	2	1	0	1	0	1	1	2	0	2	1	1	2
"c849"	2	1	1	1	1	1	1	0	2	0	0	2	1	2	0	1	2	1	0	1	1	1	0	0	0	2
"c850"	2	1	2	0	0	0	2	1	1	1	1	1	0	2	0	0	1	0	2	2	2	0	2	1	1	2
"c851"	2	1	2	0	0	0	2	1	1	1	1	1	0	2	1	0	1	0	3	2	2	0	2	1	1	2
"c852"	2	1	2	0	0	0	2	1	1	1	1	1	0	2	1	0	1	0	0	2	2	0	2	1	1	2
"c853"	2	1	2	0	0	0	1	1	1	1	1	1	0	2	0	0	1	0	0	2	2	0	2	1	1	2
"c854"	2	1	1	1	1	1	1	0	2	0	0	2	1	2	0	1	2	1	0	1	1	1	2	0	0	2
"c855"	2	1	2	0	0	0	2	3	0	2	0	0	0	2	0	0	1	0	2	2	2	0	2	2	1	2
"c856"	2	0	2	0	0	0	2	1	1	1	1	1	0	2	1	0	1	0	3	2	2	0	2	1	1	2
"c857"	2	1	1	1	1	0	1	0	2	0	0	2	1	2	0	1	2	0	0	1	2	1	2	0	0	2
"c858"	2	1	2	0	0	0	2	1	1	1	1	1	0	2	1	0	1	0	2	2	2	0	2	1	1	2
"c859"	2	0	1	1	0	0	1	0	1	1	0	2	1	2	0	0	2	1	1	1	1	1	2	1	0	2
"c860"	2	1	1	1	1	1	1	0	2	0	0	2	1	2	0	2	2	1	0	1	0	1	2	0	0	2
"c861"	2	0	2	0	0	0	2	1	1	1	1	1	0	2	1	0	1	0	1	2	2	0	2	1	1	2
"c862"	2	1	1	1	1	1	1	1	1	1	0	1	1	2	1	1	1	1	1	1	1	1	2	1	1	2
"c863"	2	1	1	1	1	1	1	0	2	0	0	2	1	2	0	1	2	1	0	1	1	1	2	0	0	2
"c864"	2	1	2	0	0	0	2	1	1	1	1	1	0	2	1	0	1	0	1	1	2	0	2	1	1	2
"c865"	2	0	2	0	0	0	2	1	1	1	1	1	0	2	0	0	1	0	2	2	2	0	2	1	1	2
"c866"	2	1	2	0	1	0	2	1	1	1	1	1	0	2	1	0	1	0	0	2	2	0	2	1	1	2
"c867"	2	0	1	1	1	1	1	0	2	0	0	2	1	2	0	1	2	1	0	1	1	1	2	0	0	2
"c868"	2	1	2	0	0	0	2	1	1	1	1	1	0	2	1	0	1	0	2	1	2	0	2	1	1	2
"c869"	2	1	1	1	1	1	1	0	2	0	0	2	0	2	0	1	2	1	0	1	2	1	2	0	0	2
"c870"	2	1	1	1	1	1	1	0	2	0	0	2	1	2	0	1	2	1	0	1	1	1	2	0	0	2
"c871"	2	1	2	0	0	0	2	1	1	1	1	1	0	2	1	0	1	0	2	2	2	0	2	1	1	2
"c872"	2	1	1	1	1	1	1	0	2	0	0	2	1	2	0	1	2	1	0	1	1	1	2	0	0	2
"c873"	2	1	1	1	1	1	1	0	2	0	0	2	1	2	0	1	2	1	0	1	1	1	2	0	0	2
"c874"	2	1	1	1	1	1	1	0	2	0	0	2	1	2	0	1	2	1	0	1	2	1	2	0	0	2
"c876"	2	1	1	1	2	0	1	0	2	0	0	2	1	2	0	1	2	1	0	1	2	1	2	0	0	2
"c877"	2	1	2	0	0	0	2	1	1	1	1	1	0	2	0	0	1	0	0	2	2	0	2	1	1	2
"c878"	2	0	1	1	2	0	1	0	2	0	0	2	1	2	0	1	2	1	0	1	2	1	2	0	0	2
"c879"	2	2	2	0	0	0	2	1	1	1	1	1	0	2	0	0	0	0	0	2	2	0	2	1	1	2
"c880"	2	1	2	0	0	0	2	1	1	1	1	2	0	2	1	0	1	0	2	2	2	0	2	1	1	2
"c881"	2	1	1	1	1	1	1	0	2	0	0	2	1	2	0	1	2	1	0	1	1	1	2	0	0	2
"c882"	2	1	1	1	1	1	1	0	2	0	0	2	1	2	0	1	2	1	0	1	2	1	2	0	0	2
"c883"	2	2	1	1	0	1	1	0	2	0	0	2	1	2	0	1	2	1	0	1	1	1	2	0	0	2
"c884"	2	1	1	1	1	1	1	0	2	0	0	2	1	2	0	1	2	1	0	1	1	1	2	0	0	2
"c885"	2	1	1	1	1	1	1	1	1	1	1	1	1	2	1	1	1	1	1	1	2	1	2	1	1	2
"c886"	2	1	0	1	1	1	1	0	2	0	0	2	0	2	0	1	2	1	0	1	0	1	2	0	0	2
"c887"	2	2	2	0	0	0	2	1	2	0	1	1	0	2	2	0	1	0	0	2	2	0	2	1	1	2
"c888"	2	1	1	1	1	0	1	0	2	0	0	2	1	2	0	1	2	1	0	1	1	1	2	0	0	2
"c889"	2	1	1	1	1	1	1	1	1	1	1	2	1	2	0	1	1	1	0	1	2	1	2	1	1	2
"c890"	2	1	1	1	1	1	1	0	2	0	0	2	1	2	0	1	2	1	0	0	0	1	2	0	0	2
"c891"	2	1	2	0	0	0	2	1	1	1	1	1	0	2	1	0	1	0	1	2	2	0	2	1	1	2
"c892"	2	1	2	0	0	0	2	1	1	1	1	1	0	2	0	0	1	0	2	0	2	0	2	1	1	2
"c893"	2	1	1	1	1	1	1	0	2	0	0	2	1	2	0	1	2	1	0	1	1	1	2	0	0	2
"c894"	2	1	1	1	1	1	1	0	2	0	0	2	1	2	0	1	2	1	0	1	1	1	2	0	0	2
"c895"	2	1	0	1	1	1	1	0	2	0	0	2	1	2	0	1	2	1	0	2	0	1	2	0	0	2
"c896"	2	0	2	0	0	0	2	1	2	0	2	1	0	2	1	0	1	0	2	2	2	0	2	2	1	2
"c897"	2	1	1	1	1	2	1	0	2	0	0	2	1	2	0	1	2	1	0	1	1	1	2	0	0	2
"c898"	2	1	1	1	1	1	1	0	2	0	0	2	1	2	0	1	2	1	0	1	1	1	2	0	0	2
"c899"	2	1	1	1	1	1	1	0	2	0	0	2	1	2	0	1	2	1	0	1	1	1	2	0	0	2
"c900"	2	1	2	0	0	0	2	1	1	1	1	1	0	2	1	0	2	0	3	1	2	0	2	1	1	2
"c901"	2	1	2	0	0	0	2	1	1	1	1	1	0	2	1	0	1	0	1	1	2	0	2	1	1	2
"c902"	2	1	1	1	1	1	1	0	2	0	0	2	1	2	0	1	2	1	0	1	1	1	2	0	0	2
"c903"	2	1	2	0	0	0	2	1	1	1	1	1	0	2	1	0	1	0	0	2	2	0	2	1	1	2
"c904"	2	1	2	0	0	0	2	1	1	1	2	1	0	2	1	0	1	0	2	2	2	0	2	1	1	2
"c905"	2	1	2	0	0	0	2	1	1	1	1	1	0	2	0	0	1	0	0	0	2	0	2	1	1	2
"c906"	2	1	1	1	1	1	1	0	2	0	0	2	1	2	0	1	2	1	0	1	1	1	2	0	0	2
"c907"	2	1	1	1	1	1	1	0	2	0	0	2	1	2	0	1	2	1	0	1	2	1	2	0	0	2
"c908"	2	1	2	0	0	0	1	1	1	1	1	1	0	2	1	0	1	0	0	1	2	0	2	1	1	2
"c909"	2	1	2	0	0	0	2	0	0	2	0	0	0	2	0	0	1	0	0	2	2	0	2	1	1	2
"c910"	2	1	1	1	0	1	1	0	2	0	0	2	1	2	0	1	2	1	0	0	0	1	2	0	0	2
"c911"	2	1	1	1	1	1	1	0	2	0	0	2	1	2	0	1	2	1	0	1	1	1	2	0	0	2
"c912"	2	1	2	0	0	0	2	1	1	1	1	1	0	2	1	0	1	0	1	2	0	0	2	1	1	2
"c913"	2	1	2	0	0	0	2	1	1	1	1	1	0	2	1	0	1	0	1	2	2	0	2	1	1	2
"c914"	0	2	2	0	0	0	2	0	1	1	1	1	0	2	0	0	1	0	1	2	2	0	2	1	1	2
"c915"	0	0	1	1	1	1	1	0	2	0	0	2	1	2	0	0	3	0	0	0	0	0	2	0	0	2
"c916"	2	1	1	1	1	1	1	1	1	1	0	2	1	2	1	1	1	1	0	1	1	1	2	1	1	2
"c917"	2	1	1	1	0	1	1	0	2	0	0	2	1	2	0	1	2	1	0	0	0	1	2	0	0	2
"c918"	2	1	2	0	0	0	2	1	1	1	1	1	0	2	1	0	1	0	2	2	2	0	2	1	1	2
"c919"	2	2	1	1	1	0	1	0	2	0	0	2	1	2	0	1	2	1	0	1	1	1	2	0	0	2
"c920"	2	2	2	0	0	0	2	1	2	0	1	1	0	2	1	0	1	0	3	2	2	0	2	1	0	2
"c921"	2	1	2	0	0	0	2	1	1	1	1	1	0	2	1	0	1	0	3	2	2	0	2	1	1	2
"c922"	2	1	1	1	1	1	1	0	2	0	0	2	1	2	0	1	2	1	0	1	1	1	2	0	0	2
"c923"	2	1	2	0	0	0	2	1	1	1	1	1	0	2	0	0	1	0	1	2	2	0	2	1	1	2
"c924"	2	1	1	1	2	1	1	0	2	0	0	2	1	2	0	1	2	1	0	1	1	1	2	0	0	2
"c925"	2	1	1	1	1	1	1	0	2	0	0	2	1	2	0	1	2	1	0	1	0	1	2	0	0	2
"c926"	2	1	0	1	1	1	1	0	2	0	0	2	1	2	0	1	2	1	0	1	2	1	2	0	0	2
"c927"	2	1	2	0	0	0	2	1	1	1	1	1	0	2	1	0	1	0	1	2	2	0	2	1	1	2
"c928"	2	1	2	0	0	0	2	1	1	1	1	1	0	2	1	0	1	0	0	1	2	0	2	1	1	2
"c929"	2	1	1	1	1	1	1	0	2	0	0	2	1	2	0	1	2	1	0	1	1	1	2	0	0	2
"c930"	2	1	2	0	1	0	2	1	1	1	1	1	0	2	1	0	1	0	1	1	2	0	2	1	1	2
"c931"	3	3	1	2	0	2	0	0	3	3	0	2	3	3	0	2	2	1	0	1	2	1	3	0	3	3
"c932"	2	1	1	1	1	1	1	0	2	0	0	2	1	2	0	1	2	0	0	1	1	1	2	0	0	2
"c933"	2	0	2	0	0	0	2	1	1	1	1	1	0	2	0	0	1	0	0	2	2	0	2	1	1	2
"c934"	2	1	2	0	0	0	2	1	1	1	1	1	0	2	1	0	1	0	1	1	2	0	2	1	1	2
"c935"	0	1	1	1	1	0	1	0	2	0	0	2	1	2	0	1	2	1	0	1	0	1	2	0	0	2
"c936"	2	1	1	1	1	1	1	0	2	0	0	2	1	2	0	1	2	1	0	1	2	1	2	0	0	2
"c937"	2	1	2	0	0	0	1	1	1	1	1	1	0	2	0	0	1	0	0	2	2	0	2	1	1	2
"c938"	2	1	1	1	1	1	1	0	2	0	0	2	1	2	0	1	2	1	0	1	0	1	2	0	0	2
"c939"	2	1	2	0	0	0	2	1	1	1	1	1	0	2	1	0	1	0	1	2	2	0	2	1	1	2
"c940"	2	1	1	1	1	1	1	0	2	0	0	2	1	2	0	1	2	1	0	1	1	1	2	0	0	2
"c941"	2	1	2	0	0	0	2	1	1	1	1	2	0	2	1	0	1	0	2	2	2	0	2	1	1	2
"c942"	2	1	2	0	0	0	2	1	1	1	1	1	0	2	0	0	1	0	0	2	2	0	2	1	1	2
"c943"	2	2	2	0	0	0	2	1	1	1	2	1	0	2	2	0	1	0	1	2	2	0	2	1	1	2
"c944"	2	1	1	0	1	1	1	0	2	0	0	2	1	2	0	1	2	1	0	1	1	1	2	0	0	2
"c945"	2	0	2	0	0	0	2	2	0	1	2	2	0	2	1	0	1	0	2	2	2	0	2	1	0	2
"c946"	2	1	1	1	1	1	1	0	2	0	0	2	1	2	0	1	2	1	0	1	1	1	2	3	0	2
"c947"	2	1	1	1	1	1	1	0	2	0	0	2	1	2	0	1	2	1	0	1	1	1	2	0	0	2
"c948"	2	1	1	1	1	1	1	0	2	0	0	2	1	2	0	1	2	1	0	1	1	1	2	0	0	2
"c949"	2	1	1	1	1	1	1	0	2	0	0	2	1	2	0	1	2	1	0	1	1	1	2	0	0	2
"c950"	2	1	1	1	1	1	1	0	2	0	0	2	1	2	0	1	2	0	0	1	1	1	2	0	0	2
"c951"	2	1	2	0	0	0	2	1	1	1	1	1	0	2	1	0	1	0	2	2	2	0	2	1	1	2
"c952"	2	1	2	0	0	0	2	0	0	2	0	0	0	2	0	0	1	0	0	1	2	0	2	1	1	2
"c953"	2	1	2	0	0	0	2	1	1	1	1	1	0	2	1	0	0	0	2	2	2	0	2	2	1	2
"c954"	2	1	1	1	1	1	1	0	2	0	0	2	1	2	0	1	2	1	0	1	1	1	2	0	0	2
"c955"	2	1	1	1	1	1	1	0	2	0	0	2	1	2	0	1	2	1	0	1	0	1	2	0	0	2
"c956"	2	1	2	0	0	0	2	1	1	1	1	1	0	2	0	0	1	0	0	2	2	0	2	1	1	2
"c957"	2	0	1	1	1	1	1	0	2	0	0	2	1	2	0	1	2	1	0	1	1	1	2	0	0	2
"c958"	2	0	2	0	0	0	2	1	1	1	1	1	0	2	0	0	1	0	1	2	2	0	2	1	1	2
"c960"	2	1	1	1	1	1	1	0	2	0	0	2	2	2	0	1	2	1	0	1	0	1	2	0	0	2
"c961"	2	2	1	1	1	1	1	0	2	0	0	2	0	2	0	1	2	1	0	1	1	1	2	0	0	2
"c962"	2	1	1	1	1	1	1	0	2	0	0	2	1	2	0	1	2	1	0	1	1	1	2	0	0	2
"c963"	2	1	1	1	1	1	1	0	2	0	0	2	1	2	0	1	2	1	0	1	1	1	2	0	0	2
"c964"	2	1	1	1	1	1	1	0	2	0	0	2	1	2	0	1	2	1	0	1	1	1	2	0	0	2
"c965"	2	1	1	1	1	1	1	0	2	0	0	2	1	2	0	1	2	1	0	1	1	1	2	0	0	2
"c966"	2	1	1	1	1	1	1	0	2	0	0	2	1	2	0	0	2	1	0	1	1	1	2	0	0	2
"c967"	2	1	1	1	1	1	1	0	2	0	0	2	1	2	0	1	2	1	0	1	1	1	2	0	0	2
"c968"	2	0	2	0	0	0	2	1	1	1	1	1	0	2	0	0	1	0	0	2	2	0	2	2	1	2
"c969"	2	1	1	1	1	1	1	0	2	0	0	2	1	2	0	1	2	1	0	1	1	1	2	0	0	2
"c970"	2	1	1	1	0	2	1	0	2	0	0	0	1	2	0	1	2	1	0	1	2	1	2	0	0	2
"c971"	2	1	2	0	0	0	2	1	1	1	1	1	0	2	1	0	1	0	0	2	2	0	2	1	0	2
"c972"	2	1	1	1	1	1	1	0	2	0	0	2	1	2	0	1	2	1	0	1	1	1	2	0	0	2
"c973"	2	1	1	1	1	1	1	0	2	0	0	2	1	2	0	1	2	1	0	1	1	1	2	0	0	2
"c974"	2	1	2	0	0	0	2	1	1	1	1	1	0	2	2	0	1	0	0	2	2	0	2	1	1	2
"c975"	2	1	2	0	0	0	2	1	1	1	1	1	0	2	1	0	1	0	1	1	2	0	2	1	1	2
"c976"	2	1	1	1	1	1	1	0	2	0	0	2	1	2	0	1	2	1	0	1	1	0	2	0	0	2
"c977"	2	1	1	1	1	1	1	0	2	0	0	2	2	2	0	1	2	1	0	1	1	1	2	0	0	2
"c978"	2	1	1	1	1	1	1	1	1	1	1	1	1	2	1	0	1	1	1	1	2	1	2	1	1	2
"c979"	2	1	2	0	0	0	1	1	1	1	1	1	0	2	1	0	1	0	1	2	2	0	2	1	1	2
"c980"	2	1	2	0	0	0	2	1	1	1	2	1	0	2	1	0	1	0	1	2	2	0	2	1	1	2
"c981"	2	2	2	0	0	0	2	1	1	1	2	1	0	2	0	0	0	0	0	1	2	0	2	1	1	2
"c982"	2	1	2	0	0	0	2	1	1	1	1	1	0	2	1	0	1	0	1	1	2	0	2	1	1	2
"c983"	2	1	1	1	1	1	1	0	2	0	0	2	1	2	0	1	2	1	0	1	2	1	2	0	0	2
"c984"	2	0	2	0	0	0	2	1	1	1	1	1	0	2	1	0	1	0	1	2	2	0	2	1	1	2
"c985"	2	1	1	1	0	1	1	0	2	0	0	2	1	2	0	1	2	0	0	1	2	1	0	0	0	2
"c986"	2	1	2	0	0	0	2	1	1	1	1	2	0	2	2	0	1	0	0	2	2	0	2	1	1	2
"c987"	2	1	2	0	0	0	2	1	0	2	1	1	0	2	0	0	1	0	3	2	2	0	2	0	1	2
"c988"	2	0	2	0	0	0	2	0	0	2	0	0	0	2	0	0	1	0	2	2	2	0	2	1	1	2
"c989"	2	1	1	1	1	0	1	0	2	0	0	2	2	2	0	1	2	1	0	1	2	1	2	0	0	2
"c990"	2	2	2	0	0	0	2	1	1	1	1	2	0	2	1	0	1	0	1	2	2	0	2	1	1	2
"c991"	2	1	1	1	1	1	1	0	2	0	0	2	1	2	0	1	2	1	0	1	1	1	2	0	0	2
"c993"	0	1	1	1	1	0	1	0	2	0	0	2	1	2	0	1	2	0	0	1	0	1	2	0	0	2
"c994"	2	1	1	1	1	1	1	3	0	0	3	3	1	2	0	1	2	1	0	1	1	1	2	0	0	2
"c995"	2	1	0	1	1	1	1	0	2	0	0	2	1	2	0	1	2	0	0	1	0	1	2	0	0	2
"c996"	2	1	1	1	1	1	1	1	2	0	1	1	0	2	1	1	2	0	1	1	1	1	2	1	1	2
"c997"	2	1	1	1	1	1	1	0	2	0	0	2	1	2	0	1	2	1	0	1	1	1	2	0	0	2
"c998"	2	1	0	1	1	1	1	3	3	3	3	3	1	2	0	1	2	1	0	1	2	1	2	0	0	2
"c999"	2	1	2	0	0	0	2	1	1	1	1	1	0	2	1	0	1	0	2	1	2	0	2	1	1	2
"c1000"	2	1	1	1	1	1	1	0	2	0	0	2	1	2	0	1	2	1	0	2	2	1	2	0	0	2
"c1001"	2	1	2	0	0	0	2	1	1	1	1	1	0	2	1	0	1	0	1	2	2	0	2	1	1	2
"c1002"	2	1	1	1	1	1	1	0	2	0	0	2	1	2	0	1	2	1	0	1	1	1	2	3	0	2
"c1003"	2	1	2	0	0	0	2	1	1	1	0	1	0	2	1	0	1	0	2	1	2	0	2	1	1	2
"c1004"	2	1	1	1	1	2	1	0	2	0	0	2	1	2	0	1	2	1	0	1	0	1	2	0	0	2
"c1005"	2	1	1	1	1	1	1	0	2	0	0	2	1	2	0	1	2	1	0	1	1	1	2	0	0	2
"c1006"	2	1	1	1	1	0	1	1	1	1	1	1	1	2	1	1	1	1	1	1	1	1	2	1	1	2
"c1007"	2	1	2	0	0	0	2	1	1	1	1	1	0	2	1	0	1	0	0	2	2	0	2	1	1	2
"c1008"	2	1	2	0	0	0	2	1	1	1	1	1	0	2	1	0	1	0	0	2	0	0	2	1	1	2
"c1009"	2	1	2	0	0	0	1	1	1	1	1	2	0	2	2	0	1	0	2	2	2	0	2	1	1	2
"c1010"	2	1	0	1	1	0	1	0	2	0	3	2	1	2	0	1	2	2	0	1	0	1	3	3	0	2
"c1011"	2	1	2	0	0	0	2	1	1	1	1	1	0	2	1	0	1	0	1	2	2	0	2	1	1	2
"c1012"	2	1	2	0	0	0	2	1	1	1	1	1	0	2	1	0	1	0	0	2	2	0	2	1	1	2
"c1013"	2	1	1	1	1	1	1	0	2	0	0	2	1	2	0	1	2	1	0	1	1	1	2	0	0	2
"c1014"	2	1	1	1	1	1	1	0	2	1	0	2	1	2	0	1	2	1	0	1	1	1	2	0	0	2
"c1015"	2	1	2	0	0	0	2	1	1	1	1	1	0	2	2	0	1	0	1	1	2	0	2	1	1	2
"c1016"	2	0	2	0	0	0	2	1	1	1	1	1	0	2	0	0	1	0	0	2	2	0	2	1	1	2
"c1017"	2	1	2	0	0	0	2	1	1	1	1	0	0	2	1	0	1	0	3	2	2	0	2	0	1	2
"c1018"	2	1	1	1	1	1	1	0	2	0	0	2	1	1	0	1	2	1	0	1	0	1	2	0	0	2
"c1019"	2	1	2	0	0	0	2	1	1	1	1	1	0	2	1	0	1	0	2	2	2	0	2	1	1	2
"c1020"	2	1	2	0	0	0	2	1	1	1	1	1	0	2	1	0	1	0	1	2	2	0	2	1	1	2
"c1021"	2	1	0	1	1	1	1	0	2	0	0	0	1	2	0	2	2	1	0	1	1	1	2	0	0	2
"c1022"	2	1	1	1	1	1	1	0	2	0	0	2	1	2	0	1	2	1	0	1	0	1	2	0	0	2
"c1023"	2	1	1	1	1	0	1	1	1	1	1	1	1	2	1	1	1	1	1	1	1	1	2	1	1	2
"c1024"	2	1	2	0	1	1	1	0	2	0	0	2	0	2	0	2	2	0	0	3	3	3	2	0	0	2
"c1025"	2	1	1	1	1	1	0	0	2	0	0	2	1	2	0	1	2	1	0	1	1	0	2	0	0	2
"c1026"	2	1	1	1	1	1	1	0	2	0	0	2	1	2	0	1	2	0	0	1	1	1	2	0	0	2
"c1027"	2	1	2	0	0	0	2	1	1	1	1	0	0	2	2	0	1	0	3	1	2	0	2	1	1	2
"c1028"	2	1	1	0	1	1	1	0	2	0	0	2	1	2	0	1	2	1	0	1	2	1	2	0	0	2
"c1029"	2	1	1	1	1	1	1	0	2	0	0	2	1	2	0	1	2	1	0	1	1	1	2	0	0	2
"c1030"	2	1	1	1	1	0	1	0	2	0	0	2	1	2	0	1	2	1	0	1	0	1	2	0	0	2
"c1031"	2	1	2	0	0	0	2	1	1	1	1	1	0	2	1	0	1	0	1	2	2	0	2	1	1	2
"c1032"	2	0	2	0	0	0	2	1	1	1	1	1	0	2	2	0	2	0	3	2	2	0	2	1	1	2
"c1033"	2	1	2	0	0	0	1	1	1	1	1	1	0	2	1	0	1	0	0	2	2	0	2	1	1	2
"c1034"	2	0	1	1	1	1	1	0	2	0	0	2	2	2	0	1	2	1	0	1	1	1	2	0	0	0
"c1035"	2	2	1	1	1	1	1	0	2	0	0	2	1	2	0	1	2	1	0	1	1	1	2	0	0	2
"c1036"	2	1	2	0	0	0	2	1	1	1	1	1	0	2	1	0	1	0	0	2	2	0	2	1	1	2
"c1037"	2	1	1	1	1	1	1	0	2	0	0	2	1	2	0	1	2	1	0	0	1	1	2	0	0	2
"c1038"	2	1	1	0	1	1	1	0	2	0	0	2	1	2	0	1	2	2	0	1	2	1	2	0	0	2
"c1039"	2	2	1	1	1	1	1	0	2	0	0	2	1	2	0	2	2	1	0	1	1	1	2	0	0	2
"c1040"	2	1	1	1	1	1	1	0	2	0	0	2	1	2	0	1	2	0	0	1	1	1	2	0	0	2
"c1041"	2	1	2	0	0	0	2	1	1	1	1	1	0	2	0	0	1	0	1	2	2	0	2	1	1	2
"c1042"	2	1	1	1	1	1	1	0	2	0	0	2	1	2	0	1	2	1	0	1	1	1	2	0	0	2
"c1043"	2	1	1	1	1	1	1	0	2	0	0	0	1	2	0	0	2	1	0	1	0	1	2	0	0	2
"c1044"	2	0	2	0	0	0	1	0	1	1	1	1	0	2	0	0	1	0	1	2	2	0	2	1	1	2
"c1045"	2	1	1	1	1	1	1	0	2	0	0	2	1	2	0	1	2	1	0	1	1	1	2	0	0	2
"c1046"	2	2	1	1	1	1	1	0	2	0	0	2	0	2	0	1	2	2	0	0	0	2	3	0	3	3
"c1047"	2	1	1	1	1	2	1	0	2	0	0	2	1	2	0	1	2	1	0	1	0	1	2	0	0	2
"c1048"	2	1	1	1	1	1	1	0	2	0	0	2	1	2	0	1	2	1	0	1	1	1	2	0	0	2
"c1049"	2	1	1	1	1	1	1	0	2	0	0	2	1	2	0	1	2	2	0	1	0	1	2	0	0	2
"c1050"	2	1	2	0	0	0	2	1	1	1	1	1	0	2	1	0	1	0	1	2	2	0	2	1	1	2
"c1051"	2	1	1	1	1	1	1	0	2	0	0	2	0	2	0	2	2	0	0	1	0	1	2	0	0	2
"c1052"	2	1	2	0	0	0	2	1	1	1	1	1	0	2	2	0	1	0	1	2	2	0	2	1	1	2
"c1053"	2	1	1	1	1	1	1	0	2	0	0	2	1	2	0	1	2	1	0	1	1	1	2	0	0	2
"c1054"	2	1	2	0	0	0	2	1	1	1	1	1	0	2	1	0	1	0	2	2	2	0	2	1	1	2
"c1055"	2	0	1	1	1	1	1	0	2	0	0	2	1	2	0	1	2	1	3	1	0	1	2	0	0	2
"c1056"	0	2	2	0	0	0	1	1	1	1	1	2	0	2	0	0	1	0	1	2	2	0	2	1	1	2
"c1057"	2	1	1	1	1	1	1	0	2	0	0	2	1	2	0	1	2	1	0	1	0	1	2	0	0	2
"c1058"	2	1	1	1	2	1	1	0	2	0	0	2	1	2	0	1	2	1	0	1	2	1	2	0	0	2
"c1059"	2	1	1	1	1	1	1	0	2	0	0	2	1	2	0	1	2	1	0	1	1	1	2	0	0	2
"c1060"	2	1	1	1	1	1	1	0	2	0	0	2	1	2	0	1	2	1	0	1	1	1	2	0	0	2
"c1061"	2	0	1	1	1	1	1	0	2	0	0	2	1	2	0	1	2	1	0	1	0	1	2	0	0	2
"c1062"	2	1	1	1	1	1	1	0	2	0	0	2	1	2	0	1	2	1	0	1	1	1	2	0	0	2
"c1063"	2	2	2	0	0	0	2	1	2	0	1	1	0	2	2	0	1	0	2	2	2	0	2	0	1	2
"c1064"	2	1	2	0	0	0	2	1	1	1	1	1	0	2	1	0	1	0	1	2	2	0	2	1	1	2
"c1065"	2	2	1	1	0	0	1	0	2	0	0	2	1	2	0	0	2	1	0	1	2	1	2	0	0	2
"c1066"	2	1	2	0	1	0	2	1	1	1	1	1	0	2	0	0	1	0	0	2	2	0	2	1	1	2
"c1067"	2	1	2	0	0	0	2	1	1	1	1	1	0	2	1	0	1	0	1	2	2	0	2	1	1	2
"c1068"	2	1	2	0	1	0	2	1	1	1	1	1	0	2	1	0	1	0	2	1	2	0	2	1	1	2
"c1069"	2	1	1	1	1	1	1	0	2	0	0	2	1	2	0	1	2	1	0	1	0	1	2	0	0	2
"c1070"	2	1	1	1	1	1	1	0	2	0	0	2	1	2	0	1	2	0	0	1	1	1	2	0	0	2
"c1071"	2	1	2	0	0	0	2	0	0	2	0	0	0	2	1	0	1	0	0	1	0	0	2	1	1	2
"c1072"	1	1	2	0	0	0	2	2	2	0	2	2	0	2	2	0	1	0	0	2	2	0	2	1	1	2
"c1073"	2	1	1	1	1	1	1	0	2	0	0	2	1	2	0	1	2	1	0	1	1	1	2	0	0	2
"c1074"	2	1	2	0	0	0	2	1	1	1	1	1	0	2	1	0	1	0	1	2	2	0	2	1	1	2
"c1075"	2	1	2	0	0	0	2	1	1	1	1	1	0	2	1	0	1	0	0	2	2	0	2	1	1	2
"c1076"	2	1	2	0	0	0	1	1	1	1	1	1	0	2	1	0	1	0	1	1	2	0	2	1	1	2
"c1077"	2	1	2	0	0	0	2	1	1	1	2	1	0	2	0	0	1	0	0	2	2	0	2	0	1	2
"c1078"	2	1	2	0	0	0	2	1	1	1	1	1	0	2	1	0	1	0	2	1	2	0	2	1	1	2
"c1079"	2	0	2	0	0	0	2	1	1	1	1	1	0	2	1	0	2	0	2	2	2	0	2	0	2	2
"c1080"	2	1	2	0	0	0	2	1	1	1	1	0	0	2	0	0	1	0	0	2	2	0	2	1	1	2
"c1081"	2	0	1	1	1	0	1	0	2	0	0	2	1	2	0	1	2	1	0	1	2	1	2	0	0	2
"c1082"	2	0	2	0	0	0	2	1	1	1	1	1	0	2	0	0	1	0	0	2	2	0	2	1	1	2
"c1083"	2	1	2	0	0	0	2	1	1	1	1	1	0	2	0	0	1	0	1	1	2	0	2	1	1	2
"c1084"	2	0	2	0	0	0	2	0	1	1	1	1	0	2	1	0	1	0	3	2	2	0	2	1	0	2
"c1085"	2	0	1	1	1	1	1	0	2	0	0	2	1	2	0	0	2	1	0	1	0	1	2	0	0	2
"c1086"	2	1	1	1	1	1	1	0	2	0	0	2	0	2	0	0	2	1	0	1	1	1	2	0	0	2
"c1087"	2	1	2	0	0	0	2	1	1	1	1	1	0	2	0	0	1	0	2	2	2	0	2	1	1	2
"c1088"	2	1	2	0	1	0	2	1	1	1	1	1	0	2	1	0	1	0	2	2	2	0	2	1	1	2
"c1089"	2	1	1	1	1	1	1	0	2	0	0	2	1	2	0	1	2	1	0	1	2	1	2	0	0	2
"c1090"	2	2	2	0	0	0	2	1	1	1	1	1	0	2	1	0	1	0	2	2	2	0	2	1	1	2
"c1091"	2	1	1	1	1	1	1	0	2	0	0	2	1	2	0	1	2	1	0	1	0	1	2	0	0	2
"c1092"	2	0	2	0	0	0	2	1	1	1	1	2	0	2	2	0	1	0	0	2	2	0	2	1	1	2
"c1093"	2	2	2	0	0	0	2	1	1	0	1	2	0	2	2	0	1	0	0	1	2	0	2	1	1	2
"c1094"	2	1	2	0	0	0	2	1	1	1	1	1	0	2	1	0	1	0	0	2	2	0	2	1	1	2
"c1095"	2	1	2	0	0	0	2	1	1	1	1	1	0	2	1	0	1	0	1	1	2	0	2	1	1	2
"c1096"	2	1	0	1	1	2	1	0	2	0	0	2	1	2	0	1	2	1	0	1	0	1	2	0	0	2
"c1097"	2	1	2	0	0	0	2	1	1	1	0	1	0	2	1	0	1	0	1	2	2	0	2	1	1	2
"c1098"	2	1	1	1	0	1	1	0	2	0	0	2	1	2	0	1	2	1	0	1	1	1	2	0	0	2
"c1099"	2	1	2	0	1	0	2	1	1	0	1	1	0	2	1	0	2	0	0	2	2	0	2	1	0	2
"c1100"	2	1	2	0	0	0	1	1	1	1	1	1	0	2	1	0	1	0	1	2	2	0	2	1	1	2
"c1101"	2	1	2	0	0	0	2	0	0	2	1	0	0	2	1	0	1	0	0	2	2	0	2	1	1	2
"c1102"	2	1	2	0	0	0	2	1	1	1	1	1	0	2	1	0	1	0	2	2	2	0	2	1	1	2
"c1103"	2	1	1	1	1	1	1	0	2	0	0	2	1	2	0	1	2	1	0	1	1	1	2	0	0	2
"c1104"	2	1	1	1	1	1	1	0	2	0	0	2	1	2	0	1	2	1	0	1	1	1	2	0	0	2
"c1105"	2	1	2	0	0	0	2	1	1	1	1	1	0	2	1	0	1	0	1	2	2	0	2	1	1	2
"c1106"	2	0	2	1	0	0	1	0	2	0	0	2	2	2	0	0	2	1	0	1	2	1	0	0	0	2
"c1107"	2	1	2	0	0	0	2	1	1	1	1	1	0	2	1	0	1	0	1	2	2	0	2	1	1	2
"c1108"	2	1	1	1	1	1	1	0	2	0	0	2	1	2	0	1	2	1	0	1	0	1	2	0	0	2
"c1109"	2	1	2	0	0	0	1	1	1	1	1	1	0	2	1	0	1	0	1	2	2	0	2	1	1	2
"c1110"	2	1	1	1	0	1	1	0	2	0	0	2	0	2	0	1	2	1	0	1	1	1	2	0	0	2
"c1111"	2	1	2	0	0	0	2	1	1	1	1	1	0	2	1	0	1	0	1	2	2	0	2	1	1	2
"c1112"	2	1	1	1	1	0	1	0	2	0	0	0	1	2	0	2	2	1	0	1	0	1	2	0	0	2
"c1113"	2	1	1	1	1	1	1	0	2	0	0	2	1	2	0	1	2	1	0	1	1	1	2	0	0	2
"c1115"	2	0	2	0	0	0	2	1	1	1	1	2	0	2	0	0	2	0	1	2	2	0	2	1	1	2
"c1116"	2	1	1	1	1	1	1	1	1	1	1	1	1	2	1	1	1	1	1	1	1	1	2	1	1	2
"c1117"	2	1	1	1	1	1	1	0	2	0	0	2	1	2	0	1	2	1	0	1	1	1	2	0	0	2
"c1118"	2	0	1	1	1	1	1	0	2	0	0	2	1	2	0	1	2	1	0	1	0	2	2	0	0	2
"c1119"	2	1	2	0	1	0	2	1	1	1	1	1	0	2	1	0	1	0	3	1	2	0	2	1	1	2
"c1120"	2	0	2	0	0	0	2	1	1	1	1	1	0	2	1	0	1	0	1	2	2	0	2	1	1	2
"c1121"	2	1	2	0	0	0	2	1	1	1	1	1	0	2	0	0	1	0	3	2	2	0	2	1	1	2
"c1122"	2	1	2	0	0	0	2	1	1	1	1	1	0	2	1	0	1	0	1	2	2	0	2	1	1	2
"c1123"	2	0	1	1	1	1	1	0	2	0	0	2	1	2	0	1	2	1	0	1	1	1	2	0	0	2
"c1124"	2	1	1	1	1	1	1	0	2	0	0	2	1	2	0	1	2	1	3	1	2	1	2	0	0	2
"c1127"	2	1	1	1	1	1	1	0	2	0	0	2	1	2	0	1	2	1	0	1	1	1	2	0	0	2
"c1128"	2	1	2	0	0	0	2	1	1	1	1	1	0	2	1	0	1	0	0	1	2	0	2	1	1	2
"c1129"	2	1	2	0	0	0	2	1	1	1	1	1	0	2	1	0	1	0	0	2	2	0	2	1	1	2
"c1130"	2	0	2	0	0	0	2	0	1	1	1	0	0	0	1	0	0	0	1	2	0	0	2	1	1	2
"c1131"	2	1	2	0	0	0	2	0	1	1	1	1	0	2	1	0	1	0	0	2	2	0	2	1	1	2
"c1132"	2	1	1	1	1	1	1	0	2	0	0	2	1	2	0	1	2	1	0	1	1	1	2	0	0	2
"c1133"	2	1	2	0	0	0	2	1	1	1	0	0	0	2	0	0	1	0	2	2	2	0	2	1	1	2
"c1134"	2	1	1	1	1	1	1	0	2	0	0	2	1	2	0	1	2	1	0	1	1	1	2	0	0	2
"c1135"	2	1	2	0	1	0	2	1	1	1	1	1	0	2	2	0	1	0	1	1	2	0	2	1	1	2
"c1136"	2	1	2	0	0	0	2	2	1	1	2	2	0	2	1	0	1	0	3	2	2	0	2	1	1	2
"c1137"	2	0	1	1	1	1	1	0	2	0	0	2	1	2	0	1	2	1	0	2	2	1	2	0	0	2
"c1138"	0	1	1	1	2	1	1	0	2	0	0	2	1	2	0	1	2	1	0	1	2	1	2	0	0	2
"c1139"	2	1	2	0	0	0	2	1	1	1	1	1	0	2	1	0	1	0	0	2	2	0	2	1	1	2
"c1140"	2	1	2	0	0	0	2	1	1	1	1	1	0	2	0	0	1	0	3	2	0	0	2	1	0	2
"c1141"	0	1	2	0	0	0	2	0	1	1	0	1	0	2	0	0	1	0	0	2	2	0	2	1	1	2
"c1142"	2	1	2	1	1	1	1	1	1	1	1	1	1	2	1	1	1	1	0	1	1	1	2	1	1	2
"c1143"	2	1	1	1	0	1	1	0	2	0	0	0	1	2	0	1	2	1	0	1	1	0	2	0	0	2
"c1144"	2	1	1	1	1	1	1	0	2	0	0	2	1	2	0	1	2	1	0	1	1	1	2	0	0	2
"c1145"	2	1	2	0	0	0	2	1	1	1	1	1	0	2	1	0	1	0	2	2	2	0	2	1	1	2
"c1146"	2	1	2	0	0	0	2	1	1	1	1	1	0	2	1	0	1	0	0	2	2	0	2	1	1	2
"c1147"	2	1	2	0	0	0	2	1	1	1	1	1	0	2	1	0	1	0	1	2	2	0	2	1	1	2
"c1148"	2	1	1	1	1	1	1	0	2	0	0	2	1	2	0	1	2	1	0	1	1	1	2	0	0	2
"c1149"	2	1	1	1	1	1	1	0	2	0	0	2	1	2	0	1	2	1	0	1	1	1	2	0	0	2
"c1150"	2	1	1	1	1	1	1	0	2	0	0	2	1	2	0	1	2	1	0	1	1	1	2	0	0	2
"c1151"	2	1	2	0	0	0	2	1	1	1	1	1	0	2	1	1	1	0	3	2	2	0	2	1	1	2
"c1152"	2	1	2	0	0	0	2	1	1	1	1	1	0	2	1	0	1	0	0	2	2	0	2	1	1	2
"c1153"	2	1	1	1	1	1	1	0	2	0	0	2	1	2	0	1	2	1	0	1	2	1	2	0	0	2
"c1154"	2	1	1	1	1	1	1	1	1	0	1	1	1	2	0	1	1	1	0	1	1	1	2	1	1	2
"c1155"	2	1	2	0	0	0	2	1	1	1	1	1	0	2	2	0	0	0	3	2	2	0	2	1	1	2
"c1156"	2	1	2	0	0	0	2	1	1	1	1	1	0	2	1	0	1	0	0	1	2	0	2	1	1	2
"c1157"	2	1	2	0	0	0	2	1	1	1	1	1	0	2	1	0	1	0	1	2	2	0	2	1	1	2
"c1158"	2	1	1	1	1	1	1	0	2	0	0	2	1	2	0	1	2	1	0	1	1	1	2	0	0	2
"c1159"	2	0	1	2	2	1	1	0	2	0	0	2	1	2	0	1	2	1	0	1	1	1	2	0	0	2
"c1160"	2	1	1	1	1	1	1	0	2	0	0	2	1	2	0	1	2	1	0	1	0	0	2	0	0	2
"c1161"	2	1	2	0	0	0	2	0	0	2	0	0	0	2	0	0	1	0	0	2	2	0	2	1	1	2
"c1162"	2	2	0	2	1	1	1	0	2	0	0	2	1	2	0	1	2	1	0	1	0	1	2	0	0	2
"c1163"	2	1	1	1	1	1	1	0	2	0	0	2	1	2	0	1	2	1	0	1	1	1	2	0	0	2
"c1164"	2	1	2	0	1	0	1	2	2	0	2	2	0	2	0	0	1	0	3	2	2	0	2	1	1	2
"c1165"	2	1	2	0	0	0	2	1	1	1	1	1	0	2	3	0	1	0	0	1	2	0	2	1	1	2
"c1166"	2	1	1	1	1	1	1	0	2	0	0	2	1	2	0	1	2	1	0	1	1	1	2	0	0	2
"c1167"	2	1	2	0	0	0	2	1	1	1	1	1	0	2	1	0	1	0	0	2	2	0	2	1	1	2
"c1168"	2	1	1	1	1	1	1	0	2	0	0	2	1	2	0	1	2	2	0	1	1	1	2	0	0	2
"c1169"	2	1	1	1	1	0	1	0	2	0	0	2	1	2	0	1	2	1	0	1	2	1	2	0	0	2
"c1170"	2	1	1	1	1	1	1	1	1	1	1	1	1	2	1	1	1	1	1	1	1	1	2	1	1	2
"c1171"	2	1	2	0	0	0	2	1	1	1	1	1	0	2	1	0	1	0	0	2	2	0	2	1	1	2
"c1172"	2	1	2	0	0	0	2	1	1	1	1	1	0	2	0	0	1	0	1	2	2	0	2	1	1	2
"c1173"	2	0	1	1	1	1	1	0	2	0	0	2	1	2	0	2	2	2	0	0	1	1	2	0	0	2
"c1174"	2	1	1	1	1	1	1	0	2	0	0	2	1	2	0	1	2	1	0	1	1	1	2	0	0	2
"c1175"	2	1	1	1	1	1	1	0	2	0	0	2	1	2	0	1	2	1	0	1	0	1	2	0	0	2
"c1176"	2	2	2	0	0	0	2	1	1	1	1	1	0	2	1	0	1	0	0	2	2	0	2	1	1	2
"c1177"	2	1	1	1	1	1	1	0	2	0	0	2	1	2	0	1	2	1	0	1	1	1	2	0	0	2
"c1178"	2	1	2	0	0	0	2	1	1	1	1	1	0	2	1	0	1	0	2	2	2	0	2	1	1	2
"c1179"	2	1	1	1	1	1	1	0	2	0	0	2	1	2	0	1	2	1	0	1	1	1	2	0	0	2
"c1180"	2	1	2	0	0	0	2	1	1	1	1	1	0	2	1	0	1	0	1	2	2	0	2	1	1	2
"c1182"	2	1	2	0	0	0	2	1	1	1	1	1	0	2	1	0	1	0	1	2	2	0	2	1	1	2
"c1183"	2	2	2	0	0	0	2	1	1	1	1	1	0	2	1	0	1	0	2	2	2	0	2	1	1	2
"c1184"	2	0	2	0	0	0	2	1	1	1	2	2	0	2	1	0	2	0	0	2	2	0	2	1	1	2
"c1185"	2	0	2	0	0	0	2	1	1	1	1	1	0	2	1	0	1	0	1	2	2	0	2	1	1	2
"c1186"	2	1	2	0	0	0	2	1	1	1	1	1	0	2	1	0	1	0	1	1	2	0	2	1	1	2
"c1187"	2	1	1	1	1	1	1	0	2	0	0	2	1	2	0	1	2	1	3	1	0	1	2	0	0	2
"c1188"	2	1	1	1	0	2	1	0	2	0	0	2	1	2	0	1	2	2	0	1	1	1	2	0	0	2
"c1189"	2	1	1	1	0	2	1	0	2	1	0	2	1	2	0	1	2	1	0	1	2	1	2	0	0	2
"c1190"	2	1	1	0	1	1	1	0	2	0	0	2	1	2	1	1	2	1	0	1	1	1	2	0	0	2
"c1191"	2	0	1	1	1	1	1	0	2	0	0	2	1	2	0	1	2	1	0	1	0	1	2	0	0	0
"c1192"	0	1	2	0	0	0	2	1	1	1	1	2	0	2	1	0	1	0	0	2	2	0	2	1	1	2
"c1193"	2	1	1	1	1	1	1	0	2	0	0	2	1	2	0	1	2	1	0	1	1	1	2	0	0	2
"c1194"	2	2	1	1	1	1	1	0	2	0	0	2	1	2	0	1	2	1	0	1	0	1	2	0	0	2
"c1195"	2	1	2	0	0	0	2	2	2	0	2	2	0	2	2	3	3	3	0	2	2	0	2	1	1	2
"c1196"	0	0	1	1	0	0	1	0	2	0	0	0	1	2	0	1	2	1	0	1	0	1	2	0	0	2
"c1197"	2	1	2	0	0	0	2	1	1	1	1	1	0	2	2	0	1	0	0	2	2	0	2	1	1	2
"c1198"	2	1	1	1	1	1	1	0	2	0	0	2	1	2	0	3	2	1	0	1	1	1	2	0	0	2
"c1199"	2	1	2	0	0	0	1	1	1	1	1	1	0	2	1	0	1	0	0	2	2	0	2	1	1	2
"c1200"	2	1	2	0	0	0	2	1	1	1	1	1	1	2	0	0	1	0	2	2	2	0	2	0	1	2
"c1201"	2	1	1	1	1	1	1	0	2	0	0	2	1	2	0	1	2	1	0	1	2	1	2	0	0	2
"c1202"	2	1	2	0	0	0	2	1	1	1	1	1	0	2	1	0	1	0	1	1	2	0	2	0	1	2
"c1203"	2	1	2	0	0	0	2	1	1	1	1	1	0	2	1	0	1	0	2	2	2	0	2	1	1	2
"c1204"	2	1	1	1	1	1	1	0	2	0	0	2	1	2	0	1	2	1	0	1	0	1	2	0	0	2
"c1205"	2	0	2	0	0	0	2	1	1	1	1	1	0	2	0	0	1	0	0	2	2	0	2	1	1	2
"c1206"	2	1	1	1	1	1	1	0	2	0	0	2	1	2	0	0	2	1	0	1	1	1	2	0	0	2
"c1207"	2	1	2	0	0	0	2	1	1	1	1	1	0	2	1	0	1	0	1	1	2	0	2	1	1	2
"c1208"	2	1	2	0	0	0	2	1	1	1	1	1	0	2	2	0	1	0	2	2	2	0	2	1	1	2
"c1209"	2	0	2	0	0	0	1	1	1	1	1	1	0	2	2	0	1	0	2	1	2	0	2	1	1	2
"c1211"	2	1	2	0	0	0	2	1	1	1	1	1	0	2	1	0	1	0	2	2	2	0	2	1	1	2
"c1212"	2	1	1	1	1	1	1	0	2	0	0	2	1	2	0	1	2	1	0	1	1	1	2	0	0	2
"c1213"	2	2	2	0	0	0	2	1	2	0	1	1	0	2	1	0	1	0	2	2	2	0	2	1	1	2
"c1214"	2	0	1	1	1	1	0	0	2	0	0	2	1	2	0	1	2	1	0	1	1	1	2	0	0	2
"c1215"	2	2	1	1	1	1	1	0	2	0	0	2	1	2	0	1	2	0	0	1	1	1	2	0	0	2
"c1216"	2	1	2	0	0	0	2	1	1	1	1	1	0	2	1	0	1	0	0	2	2	0	2	1	1	2
"c1217"	2	2	1	1	1	1	1	0	2	0	0	2	0	2	0	1	2	1	0	1	1	1	2	0	0	2
"c1218"	2	1	2	0	0	0	2	1	1	1	1	1	0	2	1	0	1	0	2	2	2	0	2	1	1	2
"c1219"	2	1	1	1	2	0	1	0	2	0	0	2	0	2	0	1	2	1	0	1	1	1	2	0	0	2
"c1220"	2	1	2	0	0	0	2	1	1	1	1	1	0	2	1	0	1	0	2	2	2	0	2	1	2	2
"c1221"	2	1	2	0	0	0	2	1	1	1	1	1	0	2	0	0	2	0	3	2	2	0	2	1	1	2
"c1222"	3	2	2	0	0	0	2	1	1	1	1	0	0	2	3	0	1	0	0	2	2	0	2	1	1	2
"c1223"	2	1	2	0	1	0	1	1	1	1	1	1	0	2	1	0	1	0	1	2	2	0	2	1	1	2
"c1224"	2	1	2	0	0	0	2	1	1	1	1	1	0	2	1	0	1	0	2	2	2	0	2	1	1	2
"c1225"	2	1	2	0	0	0	2	1	1	1	1	1	0	2	2	0	1	0	1	2	2	0	2	1	1	2
"c1226"	2	1	2	0	0	0	2	1	1	1	1	1	0	2	1	0	1	0	0	2	2	0	2	1	1	2
"c1227"	0	1	2	0	0	0	2	0	0	2	0	0	0	2	3	0	1	0	3	2	2	0	2	1	1	2
"c1228"	2	0	1	1	1	1	1	0	2	0	0	2	1	2	0	1	2	1	0	1	1	1	2	0	0	2
"c1229"	2	1	2	0	0	0	2	1	1	1	1	1	0	2	1	0	1	0	2	2	2	0	2	1	1	2
"c1230"	2	1	2	0	1	0	2	1	1	1	1	1	0	2	1	0	1	0	1	2	2	0	2	1	1	2
"c1231"	2	1	2	0	0	0	2	1	1	1	1	1	0	2	1	0	1	0	0	2	2	0	2	1	1	2
"c1232"	2	1	1	1	1	1	1	0	2	0	0	2	1	2	0	1	2	1	0	1	1	1	2	0	0	2
"c1233"	2	1	2	0	0	0	2	1	1	1	1	1	0	2	1	0	1	0	2	2	2	0	2	1	1	2
"c1234"	0	0	2	0	0	0	2	1	1	1	1	0	0	2	1	0	1	0	0	2	3	0	2	1	1	2
"c1235"	2	1	2	0	0	0	2	1	1	1	1	1	0	2	1	0	1	0	0	2	2	0	2	1	1	2
"c1236"	2	1	2	0	0	0	1	1	1	1	1	1	0	2	1	0	1	0	0	2	2	0	2	1	1	2
"c1237"	2	0	1	1	1	1	1	0	2	0	0	2	1	2	0	1	2	1	0	1	1	1	2	0	0	2
"c1239"	2	1	2	0	0	0	2	1	1	1	1	1	0	2	1	0	1	0	0	2	2	0	2	1	1	2
"c1240"	2	1	2	0	0	0	2	1	1	1	1	1	0	2	0	0	1	0	3	2	2	0	2	1	1	2
"c1241"	2	2	1	1	1	0	1	1	2	0	1	2	1	2	0	1	1	1	1	1	2	1	2	1	1	2
"c1242"	2	1	1	1	1	1	1	0	2	0	0	2	1	2	0	1	2	1	0	1	2	1	2	0	0	2
"c1243"	2	2	1	1	1	0	1	0	2	0	0	2	1	2	0	0	2	2	0	1	1	1	3	3	3	3
"c1244"	2	1	1	1	1	1	1	0	2	0	0	2	1	2	0	1	2	2	0	1	1	1	2	0	0	2
"c1245"	2	1	1	1	1	1	1	0	2	0	0	2	1	2	0	2	2	2	3	1	0	1	2	0	0	2
"c1246"	2	0	2	0	0	0	2	0	1	1	0	0	0	2	0	0	2	0	0	2	2	0	2	0	1	2
"c1247"	2	1	2	0	0	0	2	1	1	1	1	1	0	2	1	0	1	0	2	2	2	0	2	1	1	2
"c1248"	2	1	2	0	0	0	2	1	1	1	1	1	0	2	1	0	1	0	0	2	2	0	2	1	1	2
"c1249"	2	1	1	1	1	1	1	0	2	0	0	2	1	2	0	1	2	1	0	1	1	1	2	0	0	2
"c1250"	2	1	1	1	1	1	1	0	2	0	0	2	1	2	0	1	2	1	0	1	1	1	2	0	0	2
"c1251"	2	0	1	1	1	0	2	0	2	0	0	2	1	2	0	1	2	1	3	1	2	1	2	0	0	2
"c1252"	2	1	1	1	1	1	1	0	2	0	0	2	1	2	0	1	2	1	0	1	2	1	3	0	0	2
"c1253"	2	1	1	1	2	1	1	0	2	0	0	2	1	2	0	1	2	1	0	1	1	1	2	0	0	2
"c1254"	2	1	1	0	0	0	2	1	1	1	1	1	0	2	1	0	1	0	2	2	2	0	2	1	1	2
"c1255"	2	1	1	1	1	1	1	0	2	0	0	2	1	2	0	1	2	1	3	1	1	1	2	0	0	2
"c1256"	2	0	1	1	1	1	1	0	2	0	0	2	1	2	0	1	2	1	0	1	1	1	2	0	0	2
"c1257"	2	1	1	1	1	1	1	0	2	0	0	2	1	2	0	1	2	1	0	1	1	1	2	0	0	2
"c1258"	2	1	1	1	1	1	1	0	2	0	0	2	1	2	0	1	2	1	3	1	1	1	2	0	0	2
"c1259"	2	1	1	1	1	1	1	0	2	0	0	2	1	2	0	1	2	1	0	1	1	1	2	0	0	2
"c1260"	2	1	2	0	0	0	2	1	1	1	1	1	0	2	1	0	1	0	1	1	2	0	2	1	1	2
"c1261"	2	2	2	0	0	0	2	1	1	1	1	1	0	2	1	0	1	0	3	2	2	0	2	1	1	2
"c1262"	2	1	1	1	1	2	2	0	2	0	0	2	1	2	0	1	2	1	0	1	1	1	2	0	0	2
"c1263"	2	2	2	0	0	0	2	1	1	1	1	1	0	2	0	0	1	0	2	2	2	0	2	1	1	2
"c1264"	2	1	1	1	1	1	1	0	2	0	0	2	1	2	0	1	2	2	0	1	1	1	2	0	0	2
"c1265"	2	1	2	0	0	0	2	1	1	1	1	1	0	2	0	0	2	0	0	2	2	0	2	1	1	2
"c1266"	2	1	2	0	0	0	0	1	1	1	1	1	0	2	1	0	1	0	0	2	2	0	2	1	1	2
"c1267"	2	1	1	1	1	1	1	0	2	0	0	2	1	2	0	1	2	1	3	1	0	1	2	0	0	2
"c1268"	0	0	1	1	2	2	1	0	2	0	0	2	1	2	0	0	2	1	0	1	3	1	2	0	0	2
"c1269"	2	1	2	0	0	0	2	1	1	1	1	1	0	2	1	0	1	0	0	2	2	0	2	1	1	2
"c1270"	2	1	1	1	1	1	1	0	2	0	0	2	1	2	0	1	2	1	0	1	0	1	2	0	0	2
"c1271"	2	0	1	1	0	1	1	0	2	0	0	2	1	2	0	0	2	1	0	1	0	1	2	0	0	2
"c1272"	2	1	1	1	1	1	1	0	2	0	0	2	1	2	0	1	2	1	0	1	1	1	2	0	0	2
"c1274"	2	1	1	1	1	1	1	0	2	0	0	2	1	2	0	1	2	1	0	1	1	1	2	0	0	2
"c1275"	2	1	1	1	1	1	1	0	2	0	0	2	1	2	0	1	2	1	0	1	1	1	2	0	0	2
"c1276"	2	2	2	0	0	0	1	1	1	1	1	1	0	2	1	0	1	0	0	1	2	0	2	1	1	2
"c1277"	2	1	2	0	0	0	2	1	1	1	1	1	0	2	0	0	1	0	0	1	2	0	2	1	1	2
"c1278"	2	1	2	0	0	0	2	1	1	1	1	1	0	2	1	0	1	0	1	2	2	0	2	1	1	2
"c1279"	2	1	2	0	0	0	2	1	1	1	1	1	0	2	2	0	1	0	1	2	2	0	2	1	1	2
"c1280"	2	1	1	1	1	1	1	0	2	0	0	2	1	2	0	1	2	1	0	1	1	1	2	0	0	2
"c1281"	2	1	1	1	1	1	1	0	2	0	0	2	1	2	0	1	2	1	0	1	1	1	2	0	0	2
"c1282"	2	1	2	0	0	0	1	1	1	1	1	1	0	2	1	0	1	0	2	2	2	0	2	1	1	2
"c1283"	2	1	1	1	1	1	1	0	2	0	0	2	1	2	0	1	2	1	0	1	1	1	2	0	0	2
"c1284"	2	1	1	1	1	1	1	0	2	0	0	2	1	2	0	1	2	1	0	1	1	1	2	0	0	2
"c1285"	2	1	1	1	1	1	1	0	2	0	0	2	1	2	0	1	2	1	0	1	1	1	2	0	0	2
"c1286"	2	1	2	0	0	0	2	1	1	1	1	1	0	2	2	0	1	0	0	2	2	0	2	1	1	2
"c1287"	2	1	1	1	1	1	1	0	1	1	0	1	1	2	1	1	1	1	1	1	1	1	2	1	1	2
"c1288"	0	1	1	1	0	1	1	0	2	0	0	2	1	2	0	1	2	0	0	1	2	1	0	0	0	2
"c1289"	2	1	1	1	1	1	1	0	2	0	0	2	1	2	0	1	2	1	0	1	1	1	2	0	0	2
"c1290"	2	1	2	0	0	0	2	1	1	1	1	1	0	2	1	0	1	0	2	2	2	0	2	1	1	2
"c1291"	2	1	1	1	1	1	1	0	2	0	0	2	1	2	0	1	2	1	0	1	1	1	2	0	0	2
"c1292"	2	1	2	0	0	0	2	1	1	1	1	1	0	2	2	0	1	0	0	2	2	0	2	0	1	2
"c1293"	2	1	2	0	0	0	2	1	1	1	1	1	0	2	1	0	1	0	1	2	2	0	2	1	1	2
"c1294"	2	1	1	1	2	1	1	0	2	0	0	2	1	2	0	1	2	1	0	1	1	1	2	0	0	2
"c1295"	0	2	1	1	2	1	1	0	2	0	0	2	1	2	0	1	2	1	3	1	1	1	2	0	0	0
"c1296"	2	1	2	0	0	0	2	1	1	1	1	1	0	2	1	0	1	0	2	2	2	0	2	1	1	2
"c1297"	2	1	2	0	0	0	2	1	1	1	1	1	0	2	2	0	2	0	2	2	2	0	2	1	1	2
"c1298"	2	1	2	0	0	0	2	1	1	1	1	1	0	2	1	0	1	0	0	1	2	0	2	1	1	2
"c1299"	2	1	2	0	1	0	2	1	1	1	1	1	0	2	0	0	1	0	1	2	2	0	2	1	1	2
"c1300"	2	0	2	0	0	0	2	1	1	1	1	0	0	2	1	0	1	0	0	2	2	0	2	1	1	2
"c1301"	2	1	1	1	1	1	1	0	2	0	0	2	1	2	0	1	2	1	0	2	2	1	2	0	0	2
"c1302"	2	1	2	0	0	0	2	1	1	1	1	1	0	2	1	0	1	0	0	2	2	0	2	1	1	2
"c1303"	2	1	2	0	0	0	2	0	1	1	1	1	0	2	1	0	2	0	0	2	2	0	2	1	1	2
"c1304"	2	2	1	1	1	1	1	0	2	0	0	2	1	2	0	1	2	1	0	1	1	1	2	0	0	2
"c1305"	2	0	0	1	1	1	1	0	2	0	0	2	1	2	0	1	2	1	0	1	0	1	2	0	0	2
"c1306"	2	1	2	0	0	0	1	1	1	1	1	1	0	2	1	0	1	0	2	2	2	0	2	1	1	2
"c1307"	2	1	1	1	1	1	0	1	1	1	1	1	1	2	0	1	1	1	0	1	1	1	2	1	1	2
"c1308"	2	1	1	1	1	1	1	0	2	0	0	2	1	2	0	1	2	1	0	1	1	1	2	0	0	2
"c1309"	2	0	1	1	1	1	1	0	2	0	0	2	1	2	0	1	2	1	0	1	1	1	2	0	0	2
"c1310"	2	0	2	0	0	0	2	2	2	0	2	2	0	2	2	0	1	0	2	2	2	0	2	1	1	2
"c1311"	2	1	2	0	0	0	2	1	1	1	1	0	0	2	1	0	1	0	2	2	2	0	2	2	1	2
"c1312"	2	1	1	1	1	1	1	0	2	0	0	2	1	2	0	1	2	1	0	1	1	1	2	0	0	2
"c1313"	2	1	2	0	0	0	2	1	1	1	1	1	0	2	1	0	1	0	2	2	2	0	2	1	1	2
"c1314"	2	1	1	1	1	1	1	0	2	0	0	2	1	2	0	1	2	1	0	1	1	1	2	0	0	2
"c1315"	2	1	2	0	0	0	2	1	1	1	1	1	0	2	0	0	1	0	1	2	2	0	2	1	1	2
"c1316"	2	1	2	0	0	0	2	1	1	1	1	1	0	2	1	0	1	0	2	1	2	0	2	1	1	2
"c1317"	2	2	1	1	1	1	1	0	2	0	0	2	1	2	0	1	2	1	0	1	0	1	2	0	0	2
"c1318"	2	1	2	0	0	0	2	1	1	1	1	1	0	2	1	0	1	0	2	2	2	0	2	1	1	2
"c1319"	2	1	1	1	1	1	1	0	2	0	0	2	1	2	0	2	2	2	0	1	0	1	2	0	0	2
"c1320"	2	1	1	1	1	1	1	0	2	0	0	2	1	2	0	1	2	1	0	1	1	1	2	0	0	2
"c1321"	2	1	1	1	1	2	0	0	2	0	0	2	1	2	0	2	2	1	0	1	1	1	2	0	0	2
"c1323"	2	1	1	1	1	1	1	0	2	0	0	2	1	2	0	1	2	1	0	1	1	1	2	0	0	2
"c1324"	2	1	2	0	0	0	2	1	1	1	1	1	0	2	1	0	1	0	1	1	2	0	2	1	1	2
"c1325"	2	1	2	0	0	0	2	1	1	1	1	1	0	2	0	0	1	0	3	2	2	0	2	1	1	2
"c1326"	2	1	2	0	0	0	2	1	1	1	1	1	0	2	1	0	1	0	1	2	2	0	2	1	1	2
"c1327"	2	1	2	0	0	0	2	1	1	1	1	1	0	2	0	0	1	0	1	2	2	0	2	1	1	2
"c1328"	2	1	1	1	1	2	1	0	2	0	0	2	1	2	0	1	2	1	0	1	1	1	2	0	0	2
"c1329"	2	1	2	0	0	0	2	1	1	0	1	1	0	2	0	0	1	0	2	2	2	0	2	1	1	2
"c1330"	2	1	2	0	0	0	2	1	1	1	1	1	0	2	1	0	1	0	0	1	2	0	2	1	1	2
"c1331"	0	0	2	0	0	0	2	1	1	1	1	1	0	2	3	0	2	0	0	1	2	0	2	1	1	2
"c1332"	2	1	2	0	0	0	1	1	1	1	1	1	0	2	1	0	1	0	1	2	2	0	2	1	1	2
"c1333"	2	1	1	1	1	1	1	0	2	0	0	2	1	2	0	1	2	1	0	1	1	1	2	0	0	2
"c1334"	2	1	0	1	1	1	1	0	2	0	0	2	1	2	0	1	2	1	0	1	1	1	2	0	0	2
"c1335"	2	1	2	0	0	0	2	1	1	1	1	1	0	2	1	0	1	0	3	2	2	0	2	1	1	2
"c1336"	2	1	1	1	1	1	1	0	2	0	0	2	1	2	0	2	2	1	0	1	2	1	2	0	0	2
"c1337"	2	1	2	0	0	0	2	1	1	1	1	1	0	2	1	0	1	0	3	2	2	1	2	1	1	2
"c1338"	2	1	1	1	1	1	1	0	2	0	0	2	1	2	0	1	2	0	0	1	1	1	2	0	0	2
"c1339"	2	1	1	1	1	1	1	0	2	0	0	2	1	2	0	1	2	1	0	1	1	1	2	0	0	2
"c1340"	2	1	1	1	1	1	1	0	2	0	0	2	1	2	0	1	2	1	0	1	1	1	2	0	0	2
"c1341"	2	1	2	0	0	0	2	1	1	1	1	1	0	2	1	0	0	0	1	2	2	0	2	0	1	2
"c1342"	2	0	0	2	3	3	2	3	3	3	3	3	1	2	3	3	2	0	0	2	3	3	3	0	0	3
"c1343"	2	1	1	1	1	1	1	0	2	0	0	2	1	2	0	1	2	1	0	1	1	0	2	0	0	2
"c1344"	2	1	1	2	1	3	0	0	3	3	0	2	3	2	0	3	3	0	3	3	2	3	3	3	0	3
"c1346"	2	1	1	1	1	1	1	0	2	0	0	2	1	2	0	1	2	1	0	1	0	1	2	0	0	2
"c1347"	2	0	1	1	1	1	2	0	2	0	3	2	1	2	0	1	2	1	0	1	2	1	2	0	0	2
"c1348"	2	1	1	1	1	1	1	0	2	0	0	2	1	2	0	1	2	1	0	1	0	1	2	0	0	2
"c1349"	2	1	2	1	2	1	1	0	2	0	0	2	1	2	0	1	2	1	0	1	2	1	2	0	0	2
"c1350"	2	1	1	1	1	0	1	0	2	0	0	2	1	2	0	0	2	1	0	1	1	1	2	0	0	2
"c1351"	2	1	2	0	0	0	1	1	1	1	1	1	0	2	0	0	1	0	2	2	2	0	2	1	1	2
"c1352"	2	1	1	1	1	1	1	0	2	0	0	2	1	2	0	1	2	1	0	1	1	1	2	0	0	2
"c1353"	2	1	1	1	1	1	1	0	2	0	0	2	1	2	0	1	2	1	0	1	1	1	2	0	0	2
"c1354"	2	1	1	1	1	1	1	0	2	0	0	2	1	2	0	1	2	1	0	1	1	1	2	0	0	2
"c1355"	2	1	1	1	1	1	1	0	2	0	0	2	1	2	0	1	2	1	0	0	1	1	2	0	0	2
"c1356"	2	1	1	1	1	1	1	0	2	0	0	2	1	1	0	1	2	1	0	1	1	1	2	0	0	2
"c1357"	2	1	2	0	0	0	2	1	1	1	1	1	0	2	1	0	1	0	1	1	2	0	2	1	1	2
"c1358"	2	1	1	1	1	1	1	0	2	0	3	3	1	2	0	1	2	2	0	1	1	1	2	0	0	2
"c1359"	2	0	2	0	0	0	1	1	1	1	1	2	0	2	1	0	1	0	0	1	2	0	2	1	1	2
"c1360"	2	1	2	0	0	0	2	1	1	1	1	1	0	2	1	0	1	0	2	2	2	0	2	0	1	2
"c1361"	2	1	2	0	0	0	2	1	1	1	1	2	0	2	0	0	1	0	0	1	2	0	2	1	1	2
"c1362"	2	1	2	0	0	0	2	2	2	0	2	2	0	2	1	0	2	0	1	2	2	0	2	1	1	2
"c1363"	2	0	2	0	0	0	2	0	1	1	1	1	0	2	0	0	1	0	0	2	2	0	2	1	1	2
"c1364"	2	0	2	0	1	0	2	1	1	1	2	1	0	2	0	0	1	0	0	2	2	0	2	1	1	2
"c1365"	2	1	2	0	0	0	2	1	1	1	1	1	0	2	1	0	1	0	1	1	2	0	2	1	1	2
"c1366"	2	1	1	1	2	1	1	0	2	0	0	2	1	2	0	1	2	1	0	1	1	1	2	0	0	2
"c1367"	2	0	2	0	0	0	2	0	1	1	0	1	0	2	1	0	1	0	0	2	2	0	2	1	1	2
"c1368"	2	1	2	0	0	0	2	1	1	1	1	2	0	2	1	0	1	0	2	2	2	0	2	2	0	2
"c1369"	2	1	2	0	0	0	2	1	1	1	1	1	0	2	0	0	1	0	2	2	2	0	2	1	1	2
"c1370"	2	0	1	1	0	1	1	0	2	0	0	2	1	2	0	1	2	1	0	1	0	1	2	0	0	2
"c1371"	2	0	2	0	0	0	2	1	1	1	1	1	0	2	0	0	1	0	2	1	2	0	2	1	1	2
"c1372"	2	1	2	0	0	0	2	1	1	1	1	1	0	2	1	0	1	0	3	2	2	0	2	1	1	2
"c1373"	2	1	1	1	1	2	1	0	1	0	0	2	1	2	0	1	2	1	0	1	0	1	2	0	1	2
"c1374"	2	1	2	0	0	0	2	1	1	1	1	1	0	2	1	0	1	0	0	2	2	0	2	1	1	2
"c1375"	2	1	2	0	0	0	2	1	1	1	1	1	0	2	0	0	1	0	1	2	2	0	2	1	1	2
"c1376"	2	1	1	1	1	1	1	0	2	0	0	2	1	2	0	1	2	1	0	1	1	1	2	0	0	2
"c1377"	2	1	1	1	1	1	1	0	2	0	0	2	1	2	0	1	2	1	0	1	1	1	2	0	0	2
"c1378"	2	1	1	1	1	1	1	0	2	0	0	2	1	2	0	1	2	1	0	1	0	1	2	0	0	2
"c1379"	2	1	2	0	0	0	2	1	1	1	1	1	0	2	1	0	1	0	2	2	2	0	2	1	1	2
"c1380"	2	1	1	1	1	0	1	0	2	0	0	2	2	2	0	1	2	1	0	1	0	1	2	0	0	2
"c1381"	2	1	2	0	0	0	2	1	1	1	2	2	0	2	2	0	1	0	0	2	2	0	2	1	1	2
"c1382"	2	1	2	0	0	0	2	1	1	1	1	1	0	2	2	0	1	0	2	2	2	0	2	1	1	2
"c1383"	2	1	2	0	0	0	1	1	1	1	1	1	0	2	1	0	1	0	0	2	2	0	2	1	1	2
"c1384"	2	1	2	0	0	0	2	1	1	1	1	1	0	2	1	0	1	0	2	1	2	0	2	1	1	2
"c1385"	2	0	2	0	0	0	2	1	1	1	1	2	0	2	1	0	1	0	0	2	2	0	2	1	1	2
"c1386"	2	2	1	1	1	1	1	0	2	0	0	2	1	2	0	1	2	1	0	1	1	1	2	0	0	2
"c1387"	2	1	2	0	0	0	2	1	1	1	1	1	0	2	0	0	1	0	0	2	2	0	2	1	1	2
"c1388"	2	1	2	0	0	0	2	1	1	1	1	0	0	2	1	0	1	0	2	2	2	0	2	1	1	2
"c1389"	2	1	2	0	0	0	2	2	1	1	1	0	0	2	1	0	1	0	2	2	2	0	2	1	1	2
"c1390"	2	1	2	0	0	0	2	1	1	1	1	1	0	2	0	0	1	0	3	2	2	0	2	1	1	2
"c1391"	2	1	2	0	0	0	2	1	1	1	1	1	0	2	1	0	1	0	1	2	2	0	2	1	1	2
"c1392"	2	1	1	1	2	1	1	0	2	0	0	2	1	2	0	1	2	1	0	1	1	1	2	0	0	2
"c1393"	2	2	1	1	1	1	1	0	2	0	0	2	1	2	0	1	2	1	0	1	0	1	2	0	0	2
"c1394"	2	0	2	0	0	0	2	1	1	1	2	1	0	2	1	0	1	0	1	2	0	0	2	1	1	2
"c1395"	2	1	1	1	1	1	1	3	2	0	0	2	1	2	0	1	2	1	0	1	1	1	2	0	0	2
"c1396"	2	1	2	0	0	0	2	1	1	1	1	1	0	2	1	0	1	0	0	2	2	0	2	1	1	2
"c1397"	2	1	2	1	1	0	1	1	1	1	1	1	0	2	0	1	1	1	1	1	2	1	2	1	1	2
"c1398"	2	1	1	1	1	1	1	0	2	0	0	2	1	2	0	1	2	1	0	1	1	1	2	0	0	2
"c1399"	2	1	2	0	0	0	2	1	1	1	1	1	0	2	1	0	1	0	2	2	2	0	2	1	1	2
"c1400"	2	2	1	1	1	1	1	0	2	0	0	2	1	2	0	1	2	1	0	1	2	1	2	0	0	2
"c1401"	2	0	1	0	2	0	0	0	2	0	0	0	0	2	1	2	2	0	2	0	0	2	0	0	0	2
"c1402"	2	1	1	1	1	1	1	0	2	0	0	2	1	2	0	1	2	1	0	1	1	1	2	0	0	2
"c1403"	2	1	1	1	0	0	2	0	2	0	0	2	1	2	0	1	2	1	0	0	0	1	3	0	0	2
"c1404"	2	1	1	1	1	1	1	0	2	0	0	2	1	2	0	1	2	1	0	1	1	1	2	0	0	2
"c1405"	2	0	2	0	0	0	2	1	1	1	1	1	0	2	0	0	0	0	0	2	0	0	2	1	1	2
"c1406"	2	1	2	0	0	0	2	1	1	1	1	1	0	2	0	0	1	0	0	2	2	0	2	1	1	2
"c1407"	2	1	1	1	1	1	1	0	2	0	0	2	1	2	0	1	2	1	0	1	2	1	2	0	0	3
"c1408"	2	1	2	0	0	0	2	1	1	1	1	1	0	2	1	0	1	0	1	2	2	0	2	1	1	2
"c1409"	2	0	2	0	0	0	2	1	1	1	1	0	0	2	1	0	1	0	1	2	2	0	2	2	1	2
"c1410"	2	1	2	0	0	0	2	1	1	1	1	1	0	2	1	0	1	0	2	2	2	0	2	1	1	2
"c1411"	2	1	2	0	0	0	2	1	1	1	1	1	0	2	1	0	1	0	1	2	2	0	2	1	1	2
"c1412"	2	1	2	0	0	0	1	1	1	1	2	1	0	2	1	0	1	0	0	2	2	0	2	1	1	2
"c1413"	2	1	1	1	1	1	1	0	2	0	0	2	1	2	0	1	2	1	0	1	1	1	2	0	1	2
"c1414"	2	1	1	1	1	1	1	0	2	0	0	2	1	2	0	1	2	1	0	1	1	1	2	0	0	2
"c1415"	2	1	1	1	1	1	1	0	2	0	0	2	1	2	0	1	2	1	0	1	0	1	2	0	0	2
"c1416"	2	0	1	1	1	1	1	0	2	0	0	2	1	2	0	1	2	1	0	1	0	2	2	0	0	2
"c1417"	2	2	2	0	0	0	1	1	1	1	1	0	0	2	1	0	1	0	3	1	2	0	2	1	1	2
"c1418"	2	0	1	1	1	2	1	0	2	0	0	2	1	2	0	1	2	1	0	1	2	1	2	0	3	2
"c1419"	2	2	1	1	1	1	1	0	2	0	0	2	0	2	0	1	2	1	0	1	0	1	2	0	0	2
"c1420"	2	1	1	1	1	1	1	0	2	0	0	2	1	2	0	1	2	1	0	1	1	1	2	0	0	2
"c1421"	2	1	2	0	0	0	2	1	1	1	1	1	0	2	1	0	1	0	0	2	2	0	2	1	1	2
"c1422"	2	1	1	1	1	1	1	0	2	0	0	2	0	2	0	1	2	1	0	0	1	1	2	0	0	2
"c1423"	2	1	2	0	0	0	2	1	1	1	1	1	0	2	1	0	1	0	2	1	2	0	2	1	1	2
"c1424"	2	0	2	0	0	0	2	1	1	1	1	1	0	2	0	0	0	3	3	2	2	0	2	1	1	2
"c1425"	2	1	1	1	1	1	1	1	1	1	1	1	1	2	1	1	1	1	1	1	2	1	2	1	1	2
"c1426"	2	1	2	0	0	0	2	1	1	1	1	1	0	2	1	0	1	0	3	2	2	0	2	1	1	2
"c1427"	2	1	2	1	1	1	1	0	2	0	0	2	1	2	0	2	2	1	0	1	1	1	2	0	0	2
"c1428"	2	1	2	0	0	0	2	1	1	1	1	1	0	2	1	0	1	0	2	2	2	0	2	1	1	2
"c1429"	2	1	2	0	1	0	2	1	1	1	1	1	0	2	1	0	1	0	2	2	2	0	2	1	1	2
"c1430"	2	1	1	1	1	1	1	0	2	0	0	2	1	2	0	1	2	1	0	1	1	1	2	0	0	2
"c1431"	2	1	2	0	0	0	2	1	1	1	1	1	0	2	1	0	1	0	3	0	2	0	2	1	1	2
"c1432"	2	1	2	0	0	0	2	1	1	1	1	1	0	2	1	0	1	0	0	1	2	0	2	1	1	2
"c1433"	2	1	2	0	0	0	2	1	0	2	0	0	0	2	0	0	1	1	2	2	2	0	2	1	1	2
"c1434"	2	0	2	0	0	0	2	1	1	1	1	1	0	2	0	0	1	0	3	2	2	0	2	1	1	2
"c1435"	2	1	2	0	0	0	2	1	1	1	1	1	0	2	0	0	0	0	1	2	2	0	2	1	1	2
"c1436"	2	1	1	1	0	1	2	0	2	0	0	2	1	2	0	1	2	1	0	1	1	1	2	0	1	2
"c1437"	2	1	1	1	1	1	1	0	2	0	0	2	1	2	0	1	2	1	0	1	1	1	2	0	0	2
"c1438"	2	1	1	1	1	1	1	0	2	0	0	2	1	2	0	1	2	0	0	1	1	1	2	0	0	2
"c1439"	2	0	1	1	1	1	1	0	2	0	0	2	0	2	0	1	2	1	0	0	0	1	2	0	0	2
"c1440"	2	1	2	0	0	0	2	1	1	1	1	1	0	2	0	0	1	0	0	2	2	0	2	1	1	2
"c1441"	2	1	2	0	0	0	2	1	1	1	1	1	0	2	1	0	1	0	1	2	2	0	2	1	1	2
"c1442"	2	1	2	0	0	0	2	1	1	1	1	1	0	2	2	0	1	0	1	2	2	0	2	1	1	2
"c1443"	2	1	1	1	1	1	1	0	1	1	0	1	1	2	1	1	2	1	0	1	1	1	2	1	1	2
"c1444"	2	2	1	1	1	1	1	0	2	0	0	2	1	2	0	1	2	1	0	1	1	1	2	0	0	2
"c1445"	2	1	2	0	0	0	2	1	1	1	1	1	0	2	1	0	1	0	1	1	2	0	2	1	1	2
"c1446"	2	1	1	1	1	1	1	0	2	0	0	3	1	2	0	1	2	1	0	1	2	1	2	0	0	2
"c1447"	2	1	1	1	1	1	1	0	2	0	0	2	1	2	0	1	2	1	0	1	0	1	2	0	0	2
"c1448"	2	1	2	0	0	0	2	1	1	1	1	1	0	2	1	0	1	0	1	2	2	0	2	1	1	2
"c1449"	2	1	2	0	0	0	2	1	1	1	2	2	0	2	1	0	1	0	2	2	2	0	2	1	1	2
"c1450"	2	1	2	0	0	0	2	1	1	1	1	1	0	2	1	0	1	0	0	1	2	0	2	1	1	2
"c1451"	2	1	2	0	0	0	2	2	1	1	1	1	0	2	0	0	1	0	3	2	2	0	2	1	1	2
"c1452"	2	2	2	0	0	0	2	0	1	1	2	0	0	2	0	0	1	0	1	2	2	0	2	1	1	2
"c1453"	2	0	1	1	1	1	1	0	2	0	0	2	1	2	0	1	2	1	0	1	2	1	2	0	0	2
"c1454"	2	1	2	0	0	0	2	2	2	0	2	2	0	2	2	0	1	0	1	2	2	0	2	1	1	2
"c1455"	2	1	1	1	1	1	1	0	2	0	0	2	1	2	0	0	2	1	0	1	1	1	2	0	0	2
"c1456"	2	1	1	1	1	0	1	0	2	0	0	2	1	2	0	1	2	1	0	1	1	1	2	0	0	2
"c1457"	2	1	1	1	1	1	1	0	2	0	0	2	1	2	0	1	2	1	0	1	0	1	2	0	0	2
"c1458"	2	1	1	1	1	1	1	0	2	0	0	2	1	2	0	1	2	1	0	1	0	1	2	0	0	2
"c1459"	2	1	1	1	1	1	1	0	2	0	0	2	1	2	0	1	2	2	0	1	0	1	2	0	0	2
"c1460"	2	1	1	1	1	1	1	0	2	0	0	2	1	2	0	1	2	1	0	1	0	1	2	0	0	2
"c1461"	2	1	1	1	1	1	1	0	2	0	0	2	2	2	0	1	2	1	0	1	1	1	2	0	0	2
"c1462"	2	1	1	1	1	1	1	0	2	0	0	2	1	2	0	1	2	1	0	1	1	1	2	0	0	2
"c1463"	2	1	2	0	0	0	2	1	1	1	1	1	0	2	1	0	1	0	1	2	2	0	2	1	1	2
"c1464"	2	1	2	0	0	0	2	1	1	1	1	1	0	2	1	0	1	0	1	1	2	0	2	1	1	2
"c1465"	2	0	2	1	2	0	0	0	2	0	0	2	1	2	0	1	2	0	0	1	0	1	2	0	0	2
"c1466"	2	1	2	0	0	0	2	1	1	1	1	1	0	2	1	0	1	0	1	2	2	0	2	1	1	2
"c1467"	2	1	2	0	0	0	2	2	1	1	1	1	0	2	1	0	1	0	2	1	2	0	2	1	1	2
"c1468"	2	1	1	1	1	1	1	0	2	0	0	2	1	2	0	1	2	1	0	1	1	1	2	0	0	2
"c1469"	2	2	2	0	0	0	2	1	1	1	0	1	0	2	1	0	1	0	2	2	2	0	2	0	1	2
"c1470"	2	1	1	1	1	1	1	0	2	0	0	2	1	2	0	1	2	1	0	1	1	1	2	0	0	2
"c1471"	2	1	1	1	1	1	1	0	2	0	0	2	1	2	0	1	2	1	0	1	1	1	2	0	0	2
"c1472"	2	1	1	1	1	1	1	0	2	0	0	2	1	2	0	1	2	1	0	1	1	1	2	0	0	2
"c1473"	2	1	1	1	0	1	1	0	2	0	0	2	1	2	0	1	2	1	0	1	1	1	2	0	0	2
"c1474"	2	1	0	1	1	1	1	0	2	0	0	2	1	2	0	1	2	1	0	1	0	1	2	0	0	2
"c1475"	2	1	2	0	0	0	2	1	1	1	1	1	0	2	1	0	1	0	0	2	0	0	2	2	1	2
"c1476"	2	1	2	0	0	0	1	0	1	0	1	0	0	2	0	0	1	0	0	2	2	0	2	1	1	2
"c1477"	2	1	1	1	1	1	1	0	2	0	0	2	1	2	0	1	2	0	0	1	1	1	2	0	0	2
"c1478"	2	1	2	0	0	0	2	1	1	1	1	1	0	2	1	0	1	0	1	2	2	0	2	1	1	2
"c1479"	2	1	1	1	1	1	1	0	2	0	0	2	1	2	0	1	2	1	0	1	2	1	2	0	0	2
"c1480"	2	1	1	1	1	0	1	0	2	0	0	2	1	2	0	1	2	1	0	1	1	1	2	0	0	2
"c1481"	2	1	2	0	0	0	2	1	1	1	1	1	0	2	1	0	1	0	2	1	2	0	2	1	1	2
"c1482"	2	1	1	1	1	0	1	0	2	0	0	2	2	2	0	1	2	2	0	1	1	1	2	0	0	2
"c1483"	2	1	2	0	0	0	2	1	1	1	1	1	0	2	2	0	1	0	0	2	2	0	2	1	1	2
"c1484"	2	2	1	1	1	1	1	0	2	0	0	2	1	2	0	1	2	2	0	1	0	1	2	0	0	2
"c1485"	2	1	1	1	1	1	1	0	2	0	0	2	1	2	0	1	2	1	0	1	0	1	2	0	0	2
"c1486"	2	1	2	0	1	0	2	1	1	1	1	1	0	2	1	0	1	0	1	2	2	0	2	1	1	2
"c1487"	2	1	2	0	0	0	2	2	0	1	1	1	0	2	1	0	1	0	0	2	0	0	2	1	1	2
"c1488"	2	1	2	0	0	0	1	1	1	1	1	1	0	2	1	0	1	0	0	2	2	0	2	1	1	2
"c1489"	2	1	1	1	1	1	1	0	2	0	0	2	1	2	0	1	2	1	0	0	1	1	2	0	0	2
"c1490"	2	1	2	0	0	0	2	0	1	1	1	1	0	2	1	0	1	0	1	1	2	0	2	1	1	2
"c1491"	2	0	2	0	0	0	2	1	1	1	2	2	0	2	0	0	0	0	2	2	2	0	2	1	1	2
"c1492"	2	2	1	2	1	1	1	0	2	0	0	2	1	2	0	1	2	1	0	1	2	1	2	0	0	2
"c1493"	0	3	1	1	1	2	1	0	2	0	0	2	2	2	0	1	2	1	0	2	0	1	2	0	0	2
"c1494"	2	1	1	1	1	1	1	0	2	0	0	2	1	2	0	1	2	1	0	1	1	1	2	0	0	2
"c1495"	2	1	1	1	1	1	1	0	2	0	0	2	1	2	0	1	2	1	0	1	1	1	2	0	0	2
"c1496"	2	1	1	1	1	1	1	0	2	0	0	2	1	2	0	1	2	0	0	0	0	1	2	0	0	2
"c1497"	2	1	1	1	0	2	0	0	2	0	0	2	1	2	0	1	2	1	0	1	0	1	2	0	0	2
"c1498"	2	2	1	1	1	1	1	0	2	0	0	2	1	2	0	1	2	1	0	1	2	1	2	0	0	2
"c1499"	2	1	1	1	1	1	1	0	2	0	0	2	1	2	0	1	2	0	0	1	1	1	2	0	0	2
"c1500"	2	1	2	0	0	0	2	0	0	2	3	0	0	2	3	0	1	0	3	2	2	0	2	1	1	2
"c1501"	2	1	1	1	1	2	1	0	2	0	0	2	1	2	0	2	2	1	0	0	2	1	2	0	0	2
"c1502"	2	2	1	0	1	1	1	0	2	0	0	2	1	2	0	1	2	1	0	1	0	1	2	0	0	2
"c1503"	2	2	2	0	0	0	2	1	1	1	1	0	0	2	0	0	1	0	2	1	2	0	2	1	1	2
"c1504"	2	1	2	0	0	0	2	1	1	1	1	1	0	2	0	0	1	0	0	2	0	0	2	1	1	2
"c1505"	2	1	2	0	0	0	2	1	1	1	1	1	0	2	1	0	1	0	0	2	2	0	2	1	1	2
"c1506"	2	0	1	1	0	2	1	0	2	0	0	2	1	2	0	1	2	1	3	1	0	1	2	0	0	2
"c1507"	0	2	2	0	0	0	2	1	0	2	0	0	0	2	0	0	1	0	0	2	0	0	2	1	1	2
"c1508"	2	0	2	0	0	0	2	2	1	1	1	1	0	2	1	0	0	0	3	2	0	0	2	1	1	2
"c1509"	2	1	1	1	1	1	1	0	2	0	0	2	1	2	0	1	2	1	0	1	1	1	2	0	0	2
"c1510"	2	1	0	1	1	1	1	0	2	0	0	2	1	2	0	1	2	1	0	1	0	2	2	0	0	2
"c1511"	2	1	2	0	0	0	2	1	1	1	0	2	0	2	0	0	0	0	0	2	2	0	2	1	1	2
"c1512"	2	0	1	1	1	1	1	3	0	0	0	0	1	2	0	1	2	0	0	1	1	1	2	0	0	2
"c1513"	2	1	2	0	0	0	1	1	1	1	1	1	0	2	2	0	1	0	2	2	2	0	2	1	1	2
"c1514"	2	2	1	1	1	1	1	0	2	0	0	2	1	2	0	1	2	1	0	1	1	1	2	0	0	2
"c1515"	2	1	2	0	0	0	2	1	1	1	0	0	0	2	2	0	1	0	2	2	2	0	2	1	1	2
"c1516"	2	1	2	0	0	0	2	1	1	1	1	1	0	2	2	0	1	0	0	2	2	0	2	1	1	2
"c1517"	2	1	1	1	1	1	1	3	3	3	3	3	1	2	0	1	2	0	0	1	0	1	2	0	0	2
"c1518"	2	1	2	0	0	0	2	1	1	1	1	1	0	2	0	0	1	0	2	2	2	0	2	1	1	2
"c1519"	2	1	1	1	1	0	1	0	2	0	0	2	0	2	0	1	2	1	0	1	1	1	0	0	0	2
"c1520"	2	1	2	0	0	0	2	1	1	1	1	1	0	2	0	0	1	0	1	2	2	0	2	1	1	2
"c1521"	2	1	1	1	1	1	1	0	2	0	0	2	1	2	0	1	2	1	0	1	1	1	2	0	0	2
"c1522"	2	1	2	0	0	0	2	1	1	1	1	1	0	2	2	0	1	0	3	2	2	0	2	1	1	2
"c1523"	2	1	2	0	0	0	2	1	1	1	1	1	0	2	1	0	1	0	2	2	2	0	2	1	1	2
"c1524"	2	1	2	0	0	0	2	1	1	1	1	1	0	2	1	0	1	0	0	2	2	0	2	1	1	2
"c1525"	2	1	2	0	0	0	2	1	1	1	1	1	0	2	1	0	1	0	1	2	2	0	2	1	1	2
"c1526"	2	1	1	1	1	1	0	0	2	0	0	2	1	2	0	1	2	2	0	1	0	2	2	0	0	2
"c1527"	2	1	2	0	0	0	2	1	1	1	1	1	0	2	1	0	1	0	0	2	2	0	2	1	1	2
"c1528"	2	1	1	1	1	1	1	0	2	0	0	2	1	2	0	1	2	1	0	1	2	1	2	0	3	0
"c1529"	2	0	1	1	1	1	1	0	2	0	0	2	1	2	0	0	2	0	0	1	1	1	2	0	0	2
"c1530"	2	1	2	0	0	0	2	1	1	1	1	1	0	2	1	0	1	0	2	2	2	0	2	1	1	2
"c1531"	2	1	1	1	1	1	1	0	2	0	0	2	1	2	0	1	2	1	0	1	1	1	2	0	0	2
"c1532"	2	1	2	0	0	0	2	1	1	1	1	1	0	2	1	0	1	0	0	1	2	0	2	1	1	2
"c1533"	2	2	1	1	1	3	2	0	2	0	3	3	0	3	0	0	2	1	0	1	3	1	2	3	0	3
"c1534"	2	1	1	1	1	1	1	0	2	0	0	2	1	2	0	1	2	1	0	1	1	1	2	0	0	2
"c1535"	2	1	1	1	1	1	1	0	2	0	0	2	1	2	0	0	2	0	0	1	1	1	2	0	0	2
"c1536"	2	1	1	1	1	1	1	0	2	0	0	2	1	2	0	1	2	1	0	1	1	1	2	0	0	2
"c1537"	2	1	2	0	0	0	1	1	1	1	1	1	0	2	1	0	1	0	3	2	2	0	2	1	1	2
"c1538"	2	1	2	0	0	0	1	1	1	1	1	1	0	2	2	0	1	0	0	0	2	0	2	0	1	2
"c1539"	2	1	1	1	0	0	2	0	2	0	0	2	1	2	0	1	2	1	0	1	2	1	2	0	0	2
"c1540"	2	1	1	1	0	0	1	0	2	0	0	2	1	2	0	1	2	1	0	1	0	1	2	0	0	2
"c1541"	2	1	1	1	1	1	1	0	2	0	0	2	1	2	0	1	2	0	0	1	1	1	2	0	0	2
"c1542"	2	1	2	0	0	0	2	1	1	1	1	1	0	2	1	0	1	0	2	2	2	0	2	1	1	2
"c1543"	2	0	1	1	0	1	1	0	2	0	0	2	1	2	0	1	2	1	0	1	0	2	2	0	0	2
"c1544"	2	1	2	0	0	0	2	1	1	1	1	1	0	2	0	0	1	0	1	2	2	0	2	1	1	2
"c1545"	2	1	1	1	1	2	1	0	2	0	0	0	1	2	0	1	2	1	0	1	2	1	2	0	0	2
"c1546"	2	1	1	1	1	1	1	0	2	0	0	2	1	2	0	1	2	1	0	1	1	1	2	0	0	2
"c1547"	2	1	2	0	0	0	2	1	1	1	1	1	0	2	1	0	1	0	0	2	2	0	2	1	1	2
"c1548"	2	1	2	0	0	0	2	1	1	1	2	1	0	2	2	0	1	0	1	2	2	0	2	1	1	2
"c1549"	2	1	2	0	0	0	2	1	1	1	1	1	0	2	1	0	1	0	1	2	2	0	2	1	1	2
"c1550"	2	1	1	1	1	0	1	0	2	0	0	2	1	2	0	1	2	1	0	1	2	1	2	0	0	2
"c1551"	2	1	2	0	0	0	2	1	1	1	1	1	0	0	1	0	1	0	0	2	2	0	2	1	1	2
"c1552"	2	2	1	1	1	1	1	0	2	0	0	2	1	2	0	1	2	1	3	1	2	1	2	0	0	2
"c1553"	2	1	2	0	0	0	2	1	1	1	1	1	0	2	1	0	1	0	0	2	2	0	2	1	1	2
"c1554"	2	1	2	0	0	0	2	1	1	1	1	1	0	2	1	0	1	0	1	2	2	1	2	1	2	2
"c1555"	2	1	1	1	1	1	1	0	2	0	0	2	1	2	0	1	2	1	0	2	0	1	2	0	0	2
"c1556"	2	0	1	1	1	2	1	0	2	0	0	2	1	2	0	1	2	1	3	1	1	1	2	0	0	2
"c1557"	2	1	2	0	0	0	2	1	1	1	1	1	0	2	1	0	1	0	0	2	2	0	2	1	1	2
"c1558"	2	1	1	1	1	1	1	0	2	0	0	2	2	2	3	1	2	1	0	1	0	1	2	0	0	2
"c1559"	2	1	1	1	1	1	1	0	2	0	0	2	1	2	0	1	2	0	0	1	1	1	2	0	0	2
"c1560"	2	1	2	0	0	0	2	1	1	1	1	1	0	2	0	0	1	0	3	1	2	0	2	1	1	2
"c1561"	2	0	2	0	0	0	2	1	1	1	1	0	0	2	1	0	1	0	1	2	2	0	2	1	1	2
"c1562"	2	1	2	0	0	0	2	1	1	1	1	1	0	2	1	0	1	0	1	2	2	0	2	1	1	2
"c1563"	2	1	2	0	0	0	2	1	1	1	1	1	0	2	2	0	1	0	2	2	2	0	2	1	1	2
"c1564"	0	2	2	0	0	0	2	0	0	2	1	1	0	2	1	0	1	0	0	2	0	0	2	1	2	2
"c1565"	2	1	1	1	1	1	1	0	2	0	0	2	1	2	0	1	2	1	0	1	1	1	2	0	0	2
"c1566"	2	1	2	0	0	0	2	1	1	1	1	1	0	2	1	0	1	0	2	2	2	0	2	1	1	2
"c1567"	2	1	1	1	1	1	1	0	2	0	0	2	1	2	0	1	2	0	0	1	1	1	2	0	0	2
"c1568"	2	1	2	1	1	1	1	0	2	0	0	2	1	2	0	1	2	2	0	1	1	1	2	0	0	2
"c1569"	2	1	1	1	1	1	1	0	2	0	0	2	1	2	0	1	2	1	0	1	1	1	2	0	0	2
"c1570"	2	1	2	0	0	0	2	1	1	1	1	1	0	2	1	0	1	0	2	2	2	0	2	1	1	2
"c1571"	2	0	2	0	0	0	2	1	1	1	1	1	0	2	1	0	1	0	1	2	2	0	2	1	1	2
"c1572"	2	1	2	0	0	0	2	1	1	1	1	1	0	2	1	0	1	0	0	2	2	0	2	1	0	2
"c1573"	2	1	2	0	0	0	2	1	1	1	1	1	0	2	1	0	1	0	0	2	2	0	2	1	1	2
"c1574"	2	1	2	0	0	0	2	1	1	1	1	1	0	2	1	0	1	0	0	2	2	0	2	1	1	2
"c1575"	2	1	2	0	0	0	2	1	1	1	1	1	0	2	1	0	0	0	1	2	2	0	2	1	1	2
"c1576"	2	1	1	1	1	0	1	0	2	0	0	2	1	2	0	1	2	1	0	1	0	1	2	0	0	2
"c1577"	2	1	2	0	0	0	2	1	1	1	1	1	0	2	1	0	0	0	2	2	2	0	2	1	1	2
"c1578"	2	2	2	0	1	0	2	1	1	1	1	2	0	2	0	0	1	0	3	2	2	0	2	1	2	2
"c1579"	2	2	1	1	1	1	1	0	2	0	0	2	1	2	0	1	2	1	3	0	1	1	2	0	0	2
"c1580"	2	1	1	1	1	1	1	0	2	0	0	2	1	2	0	1	2	1	0	1	0	1	2	0	0	2
"c1581"	2	1	1	1	0	1	1	0	2	0	0	2	1	2	0	1	2	1	0	1	1	1	2	0	0	2
"c1582"	2	1	2	0	1	0	1	1	1	1	1	1	0	2	1	0	1	0	1	2	2	0	2	1	1	2
"c1583"	0	0	0	1	1	1	1	0	2	0	0	2	1	2	0	1	2	0	0	0	0	1	2	0	0	0
"c1584"	2	1	1	1	1	0	1	0	2	0	0	2	1	2	0	1	2	1	0	1	2	1	2	0	0	2
"c1585"	2	1	1	1	1	1	1	0	2	0	0	2	1	2	0	1	2	1	0	1	1	1	2	0	0	2
"c1586"	2	1	2	0	0	0	2	1	1	1	1	1	0	2	1	0	1	0	0	2	2	0	2	1	1	2
"c1587"	2	1	2	0	0	0	2	1	2	0	1	1	0	2	1	0	1	0	1	2	2	0	2	1	1	2
"c1588"	2	1	1	1	0	1	1	0	2	0	3	2	1	2	0	0	2	1	0	1	1	1	2	0	0	2
"c1589"	0	1	1	1	0	1	1	0	2	0	0	2	1	2	0	1	2	1	0	1	1	1	0	0	0	2
"c1591"	2	1	2	0	0	0	2	0	1	1	0	0	0	2	1	0	1	0	3	2	2	0	2	1	1	2
"c1592"	2	1	1	1	1	1	1	0	2	0	0	2	1	2	0	1	2	0	0	1	1	1	2	0	0	2
