cell_id,genotype1,genotype2
c1,0;9;15;21;23;36;45,
c2,0;2;6;21;22;23;25;32;34;35;42;45;46;49,
c3,0;2;3;5;14;16;20;21;22;23;25;26;30;33;38;40;45;48,
c4,0;2;5;20;21;22;23;25;38;40;45;48,
c5,0;2;3;5;14;16;20;21;22;23;25;26;30;33;38;40;45;48,
c6,0;8;9;11;15;21;23;36;39;43;45,
c7,0;1;2;5;20;21;22;23;24;25;27;28;29;38;40;45;47;48,
c8,0;9;15;21;23;36;45,
c9,0;1;2;5;20;21;22;23;24;25;27;28;29;38;40;45;47;48,
c10,0;2;3;5;14;16;20;21;22;23;25;26;30;33;38;40;45;48,
c11,0;1;2;5;20;21;22;23;24;25;27;28;29;38;40;45;47;48,
c12,0;2;6;21;22;23;25;32;34;35;42;45;46;49,
c13,0;2;6;7;13;17;19;21;22;23;25;32;34;35;42;44;45;46;49,
c14,0;2;21;22;23;25;45,
c15,0;2;3;5;14;16;20;21;22;23;25;26;30;33;38;40;45;48,
c16,0;4;10;12;18;21;23;31;37;41;45,
c17,0;2;3;5;14;16;20;21;22;23;25;26;30;33;38;40;45;48,
c18,0;2;21;22;23;25;45,
c19,0;2;21;22;23;25;45,
c20,0;2;21;22;23;25;45,
c21,0;4;10;12;18;21;23;31;37;41;45,
c22,0;1;2;5;20;21;22;23;24;25;27;28;29;38;40;45;47;48,
c23,0;2;3;5;14;16;20;21;22;23;25;26;30;33;38;40;45;48,
c24,0;8;9;11;15;21;23;36;39;43;45,
c25,0;8;9;11;15;21;23;36;39;43;45,
c26,0;8;9;11;15;21;23;36;39;43;45,
c27,0;2;3;5;14;16;20;21;22;23;25;26;30;33;38;40;45;48,
c28,0;2;3;5;14;16;20;21;22;23;25;26;30;33;38;40;45;48,
c29,0;2;6;21;22;23;25;32;34;35;42;45;46;49,
c30,0;2;6;21;22;23;25;32;34;35;42;45;46;49,
c31,0;9;15;21;23;36;45,
c32,0;2;6;21;22;23;25;32;34;35;42;45;46;49,
c33,0;2;6;21;22;23;25;32;34;35;42;45;46;49,
c34,0;2;21;22;23;25;45,
c35,0;2;21;22;23;25;45,
c36,0;8;9;11;15;21;23;36;39;43;45,
c37,0;2;6;7;13;17;19;21;22;23;25;32;34;35;42;44;45;46;49,
c38,0;1;2;5;20;21;22;23;24;25;27;28;29;38;40;45;47;48,
c39,0;2;3;5;14;16;20;21;22;23;25;26;30;33;38;40;45;48,
c40,0;1;2;5;20;21;22;23;24;25;27;28;29;38;40;45;47;48,
c41,0;2;3;5;14;16;20;21;22;23;25;26;30;33;38;40;45;48,
c42,0;2;3;5;14;16;20;21;22;23;25;26;30;33;38;40;45;48,
c43,0;8;9;11;15;21;23;36;39;43;45,
c44,0;2;21;22;23;25;45,
c45,0;8;9;11;15;21;23;36;39;43;45,
c46,0;9;15;21;23;36;45,
c47,0;9;15;21;23;36;45,
c48,0;8;9;11;15;21;23;36;39;43;45,
c49,0;9;15;21;23;36;45,
c50,0;1;2;5;20;21;22;23;24;25;27;28;29;38;40;45;47;48,
c51,0;8;9;11;15;21;23;36;39;43;45,
c52,0;2;21;22;23;25;45,
c53,0;2;6;7;13;17;19;21;22;23;25;32;34;35;42;44;45;46;49,
c54,0;4;10;12;18;21;23;31;37;41;45,
c55,0;2;21;22;23;25;45,
c56,0;2;3;5;14;16;20;21;22;23;25;26;30;33;38;40;45;48,
c57,0;2;3;5;14;16;20;21;22;23;25;26;30;33;38;40;45;48,
c58,0;2;21;22;23;25;45,
c59,0;4;10;12;18;21;23;31;37;41;45,
c60,0;8;9;11;15;21;23;36;39;43;45,
c61,0;2;6;21;22;23;25;32;34;35;42;45;46;49,
c62,0;8;9;11;15;21;23;36;39;43;45,
c63,0;8;9;11;15;21;23;36;39;43;45,
c64,0;8;9;11;15;21;23;36;39;43;45,
c65,0;1;2;5;20;21;22;23;24;25;27;28;29;38;40;45;47;48,
c66,0;2;6;21;22;23;25;32;34;35;42;45;46;49,
c67,0;2;21;22;23;25;45,
c68,0;2;6;21;22;23;25;32;34;35;42;45;46;49,
c69,0;8;9;11;15;21;23;36;39;43;45,
c70,0;2;6;21;22;23;25;32;34;35;42;45;46;49,
c71,0;2;3;5;14;16;20;21;22;23;25;26;30;33;38;40;45;48,
c72,0;2;3;5;14;16;20;21;22;23;25;26;30;33;38;40;45;48,
c73,0;2;3;5;14;16;20;21;22;23;25;26;30;33;38;40;45;48,
c74,0;2;21;22;23;25;45,
c75,0;1;2;5;20;21;22;23;24;25;27;28;29;38;40;45;47;48,
c76,0;8;9;11;15;21;23;36;39;43;45,
c77,0;9;15;21;23;36;45,
c78,0;9;15;21;23;36;45,
c79,0;21;23;45,
c80,0;2;3;5;14;16;20;21;22;23;25;26;30;33;38;40;45;48,
c81,0;2;6;7;13;17;19;21;22;23;25;32;34;35;42;44;45;46;49,
c82,0;2;6;7;13;17;19;21;22;23;25;32;34;35;42;44;45;46;49,
c83,0;2;3;5;14;16;20;21;22;23;25;26;30;33;38;40;45;48,
c84,0;2;6;21;22;23;25;32;34;35;42;45;46;49,
c85,0;2;5;20;21;22;23;25;38;40;45;48,
c86,0;9;15;21;23;36;45,
c87,0;2;6;21;22;23;25;32;34;35;42;45;46;49,
c88,0;1;2;5;20;21;22;23;24;25;27;28;29;38;40;45;47;48,
c89,0;2;3;5;14;16;20;21;22;23;25;26;30;33;38;40;45;48,
c90,0;2;3;5;14;16;20;21;22;23;25;26;30;33;38;40;45;48,
c91,0;2;5;20;21;22;23;25;38;40;45;48,
c92,0;8;9;11;15;21;23;36;39;43;45,
c93,0;2;3;5;14;16;20;21;22;23;25;26;30;33;38;40;45;48,
c94,0;8;9;11;15;21;23;36;39;43;45,
c95,0;2;6;21;22;23;25;32;34;35;42;45;46;49,
c96,0;2;21;22;23;25;45,
c97,0;2;6;21;22;23;25;32;34;35;42;45;46;49,
c98,0;8;9;11;15;21;23;36;39;43;45,
c99,0;21;23;45,
c100,0;9;15;21;23;36;45,
c101,0;8;9;11;15;21;23;36;39;43;45,
c102,0;1;2;5;20;21;22;23;24;25;27;28;29;38;40;45;47;48,
c103,0;2;21;22;23;25;45,
c104,0;1;2;5;20;21;22;23;24;25;27;28;29;38;40;45;47;48,
c105,0;9;15;21;23;36;45,
c106,0;2;6;21;22;23;25;32;34;35;42;45;46;49,
c107,0;2;6;21;22;23;25;32;34;35;42;45;46;49,
c108,0;2;3;5;14;16;20;21;22;23;25;26;30;33;38;40;45;48,
c109,0;9;15;21;23;36;45,
c110,0;21;23;45,
c111,0;2;3;5;14;16;20;21;22;23;25;26;30;33;38;40;45;48,
c112,0;2;21;22;23;25;45,
c113,0;21;23;45,
c114,0;2;21;22;23;25;45,
c115,0;2;3;5;14;16;20;21;22;23;25;26;30;33;38;40;45;48,
c116,0;4;10;12;18;21;23;31;37;41;45,
c117,0;8;9;11;15;21;23;36;39;43;45,
c118,0;2;6;21;22;23;25;32;34;35;42;45;46;49,
c119,0;8;9;11;15;21;23;36;39;43;45,
c120,0;2;3;5;14;16;20;21;22;23;25;26;30;33;38;40;45;48,
c121,0;21;23;45,
c122,0;8;9;11;15;21;23;36;39;43;45,
c123,0;8;9;11;15;21;23;36;39;43;45,
c124,0;2;21;22;23;25;45,
c125,0;8;9;11;15;21;23;36;39;43;45,
c126,0;2;5;20;21;22;23;25;38;40;45;48,
c127,0;2;21;22;23;25;45,
c128,0;2;6;21;22;23;25;32;34;35;42;45;46;49,
c129,0;2;5;20;21;22;23;25;38;40;45;48,
c130,0;2;3;5;14;16;20;21;22;23;25;26;30;33;38;40;45;48,
c131,0;1;2;5;20;21;22;23;24;25;27;28;29;38;40;45;47;48,
c132,0;8;9;11;15;21;23;36;39;43;45,
c133,0;2;6;7;13;17;19;21;22;23;25;32;34;35;42;44;45;46;49,
c134,0;2;3;5;14;16;20;21;22;23;25;26;30;33;38;40;45;48,
c135,0;2;6;7;13;17;19;21;22;23;25;32;34;35;42;44;45;46;49,
c136,0;2;5;20;21;22;23;25;38;40;45;48,
c137,0;2;3;5;14;16;20;21;22;23;25;26;30;33;38;40;45;48,
c138,0;1;2;5;20;21;22;23;24;25;27;28;29;38;40;45;47;48,
c139,0;2;6;7;13;17;19;21;22;23;25;32;34;35;42;44;45;46;49,
c140,0;2;21;22;23;25;45,
c141,0;2;5;20;21;22;23;25;38;40;45;48,
c142,0;21;23;45,
c143,0;2;6;21;22;23;25;32;34;35;42;45;46;49,
c144,0;9;15;21;23;36;45,
c145,0;8;9;11;15;21;23;36;39;43;45,
c146,0;8;9;11;15;21;23;36;39;43;45,
c147,0;2;3;5;14;16;20;21;22;23;25;26;30;33;38;40;45;48,
c148,0;8;9;11;15;21;23;36;39;43;45,
c149,0;1;2;5;20;21;22;23;24;25;27;28;29;38;40;45;47;48,
c150,0;1;2;5;20;21;22;23;24;25;27;28;29;38;40;45;47;48,
c151,0;2;6;7;13;17;19;21;22;23;25;32;34;35;42;44;45;46;49,
c152,0;2;3;5;14;16;20;21;22;23;25;26;30;33;38;40;45;48,
c153,0;8;9;11;15;21;23;36;39;43;45,
c154,0;2;6;7;13;17;19;21;22;23;25;32;34;35;42;44;45;46;49,
c155,0;2;3;5;14;16;20;21;22;23;25;26;30;33;38;40;45;48,
c156,0;2;6;21;22;23;25;32;34;35;42;45;46;49,
c157,0;9;15;21;23;36;45,
c158,0;2;6;7;13;17;19;21;22;23;25;32;34;35;42;44;45;46;49,
c159,0;2;6;21;22;23;25;32;34;35;42;45;46;49,
c160,0;2;5;20;21;22;23;25;38;40;45;48,
c161,0;4;10;12;18;21;23;31;37;41;45,
c162,0;2;3;5;14;16;20;21;22;23;25;26;30;33;38;40;45;48,
c163,0;9;15;21;23;36;45,
c164,0;2;21;22;23;25;45,
c165,0;1;2;5;20;21;22;23;24;25;27;28;29;38;40;45;47;48,
c166,0;2;6;7;13;17;19;21;22;23;25;32;34;35;42;44;45;46;49,
c167,0;2;6;21;22;23;25;32;34;35;42;45;46;49,
c168,0;1;2;5;20;21;22;23;24;25;27;28;29;38;40;45;47;48,
c169,0;1;2;5;20;21;22;23;24;25;27;28;29;38;40;45;47;48,
c170,0;2;3;5;14;16;20;21;22;23;25;26;30;33;38;40;45;48,
c171,0;8;9;11;15;21;23;36;39;43;45,
c172,0;2;3;5;14;16;20;21;22;23;25;26;30;33;38;40;45;48,
c173,0;2;3;5;14;16;20;21;22;23;25;26;30;33;38;40;45;48,
c174,0;2;6;21;22;23;25;32;34;35;42;45;46;49,
c175,0;8;9;11;15;21;23;36;39;43;45,
c176,0;2;3;5;14;16;20;21;22;23;25;26;30;33;38;40;45;48,
c177,0;2;5;20;21;22;23;25;38;40;45;48,
c178,0;1;2;5;20;21;22;23;24;25;27;28;29;38;40;45;47;48,
c179,0;2;6;21;22;23;25;32;34;35;42;45;46;49,
c180,0;2;6;7;13;17;19;21;22;23;25;32;34;35;42;44;45;46;49,
c181,0;4;10;12;18;21;23;31;37;41;45,
c182,0;8;9;11;15;21;23;36;39;43;45,
c183,0;2;3;5;14;16;20;21;22;23;25;26;30;33;38;40;45;48,
c184,0;9;15;21;23;36;45,
c185,0;2;3;5;14;16;20;21;22;23;25;26;30;33;38;40;45;48,
c186,0;8;9;11;15;21;23;36;39;43;45,
c187,0;9;15;21;23;36;45,
c188,0;8;9;11;15;21;23;36;39;43;45,
c189,0;9;15;21;23;36;45,
c190,0;8;9;11;15;21;23;36;39;43;45,
c191,0;2;3;5;14;16;20;21;22;23;25;26;30;33;38;40;45;48,
c192,0;4;10;12;18;21;23;31;37;41;45,
c193,0;8;9;11;15;21;23;36;39;43;45,
c194,0;2;6;7;13;17;19;21;22;23;25;32;34;35;42;44;45;46;49,
c195,0;8;9;11;15;21;23;36;39;43;45,
c196,0;2;5;20;21;22;23;25;38;40;45;48,
c197,0;1;2;5;20;21;22;23;24;25;27;28;29;38;40;45;47;48,
c198,0;1;2;5;20;21;22;23;24;25;27;28;29;38;40;45;47;48,
c199,0;2;6;21;22;23;25;32;34;35;42;45;46;49,
c200,0;4;10;12;18;21;23;31;37;41;45,
c201,0;9;15;21;23;36;45,
c202,0;2;3;5;14;16;20;21;22;23;25;26;30;33;38;40;45;48,
c203,0;9;15;21;23;36;45,
c204,0;2;6;21;22;23;25;32;34;35;42;45;46;49,
c205,0;2;6;7;13;17;19;21;22;23;25;32;34;35;42;44;45;46;49,
c206,0;8;9;11;15;21;23;36;39;43;45,
c207,0;9;15;21;23;36;45,
c208,0;1;2;5;20;21;22;23;24;25;27;28;29;38;40;45;47;48,
c209,0;2;3;5;14;16;20;21;22;23;25;26;30;33;38;40;45;48,
c210,0;2;5;20;21;22;23;25;38;40;45;48,
c211,0;2;3;5;14;16;20;21;22;23;25;26;30;33;38;40;45;48,
c212,0;2;3;5;14;16;20;21;22;23;25;26;30;33;38;40;45;48,
c213,0;2;21;22;23;25;45,
c214,0;2;3;5;14;16;20;21;22;23;25;26;30;33;38;40;45;48,
c215,0;2;6;21;22;23;25;32;34;35;42;45;46;49,
c216,0;2;6;21;22;23;25;32;34;35;42;45;46;49,
c217,0;2;6;21;22;23;25;32;34;35;42;45;46;49,
c218,0;8;9;11;15;21;23;36;39;43;45,
c219,0;2;6;21;22;23;25;32;34;35;42;45;46;49,
c220,0;2;6;21;22;23;25;32;34;35;42;45;46;49,
c221,0;21;23;45,
c222,0;4;10;12;18;21;23;31;37;41;45,
c223,0;9;15;21;23;36;45,
c224,0;1;2;5;20;21;22;23;24;25;27;28;29;38;40;45;47;48,
c225,0;9;15;21;23;36;45,
c226,0;2;6;21;22;23;25;32;34;35;42;45;46;49,
c227,0;8;9;11;15;21;23;36;39;43;45,
c228,0;2;21;22;23;25;45,
c229,0;8;9;11;15;21;23;36;39;43;45,
c230,0;2;3;5;14;16;20;21;22;23;25;26;30;33;38;40;45;48,
c231,0;4;10;12;18;21;23;31;37;41;45,
c232,0;2;21;22;23;25;45,
c233,0;9;15;21;23;36;45,
c234,0;8;9;11;15;21;23;36;39;43;45,
c235,0;2;6;21;22;23;25;32;34;35;42;45;46;49,
c236,0;4;10;12;18;21;23;31;37;41;45,
c237,0;8;9;11;15;21;23;36;39;43;45,
c238,0;1;2;5;20;21;22;23;24;25;27;28;29;38;40;45;47;48,
c239,0;9;15;21;23;36;45,
c240,0;8;9;11;15;21;23;36;39;43;45,
c241,0;2;5;20;21;22;23;25;38;40;45;48,
c242,0;4;10;12;18;21;23;31;37;41;45,
c243,0;8;9;11;15;21;23;36;39;43;45,
c244,0;8;9;11;15;21;23;36;39;43;45,
c245,0;9;15;21;23;36;45,
c246,0;8;9;11;15;21;23;36;39;43;45,
c247,0;9;15;21;23;36;45,
c248,0;2;21;22;23;25;45,
c249,0;1;2;5;20;21;22;23;24;25;27;28;29;38;40;45;47;48,
c250,0;1;2;5;20;21;22;23;24;25;27;28;29;38;40;45;47;48,
c251,0;2;6;7;13;17;19;21;22;23;25;32;34;35;42;44;45;46;49,
c252,0;8;9;11;15;21;23;36;39;43;45,
c253,0;2;5;20;21;22;23;25;38;40;45;48,
c254,0;2;6;21;22;23;25;32;34;35;42;45;46;49,
c255,0;2;21;22;23;25;45,
c256,0;2;6;7;13;17;19;21;22;23;25;32;34;35;42;44;45;46;49,
c257,0;9;15;21;23;36;45,
c258,0;8;9;11;15;21;23;36;39;43;45,
c259,0;1;2;5;20;21;22;23;24;25;27;28;29;38;40;45;47;48,
c260,0;8;9;11;15;21;23;36;39;43;45,
c261,0;2;21;22;23;25;45,
c262,0;1;2;5;20;21;22;23;24;25;27;28;29;38;40;45;47;48,
c263,0;1;2;5;20;21;22;23;24;25;27;28;29;38;40;45;47;48,
c264,0;8;9;11;15;21;23;36;39;43;45,
c265,0;2;21;22;23;25;45,
c266,0;2;6;7;13;17;19;21;22;23;25;32;34;35;42;44;45;46;49,
c267,0;1;2;5;20;21;22;23;24;25;27;28;29;38;40;45;47;48,
c268,0;2;6;21;22;23;25;32;34;35;42;45;46;49,
c269,0;2;6;21;22;23;25;32;34;35;42;45;46;49,
c270,0;2;3;5;14;16;20;21;22;23;25;26;30;33;38;40;45;48,
c271,0;2;6;7;13;17;19;21;22;23;25;32;34;35;42;44;45;46;49,
c272,0;9;15;21;23;36;45,
c273,0;2;6;21;22;23;25;32;34;35;42;45;46;49,
c274,0;1;2;5;20;21;22;23;24;25;27;28;29;38;40;45;47;48,
c275,0;9;15;21;23;36;45,
c276,0;1;2;5;20;21;22;23;24;25;27;28;29;38;40;45;47;48,
c277,0;1;2;5;20;21;22;23;24;25;27;28;29;38;40;45;47;48,
c278,0;2;3;5;14;16;20;21;22;23;25;26;30;33;38;40;45;48,
c279,0;8;9;11;15;21;23;36;39;43;45,
c280,0;2;6;21;22;23;25;32;34;35;42;45;46;49,
c281,0;2;21;22;23;25;45,
c282,0;8;9;11;15;21;23;36;39;43;45,
c283,0;9;15;21;23;36;45,
c284,0;9;15;21;23;36;45,
c285,0;2;3;5;14;16;20;21;22;23;25;26;30;33;38;40;45;48,
c286,0;1;2;5;20;21;22;23;24;25;27;28;29;38;40;45;47;48,
c287,0;2;6;7;13;17;19;21;22;23;25;32;34;35;42;44;45;46;49,
c288,0;2;3;5;14;16;20;21;22;23;25;26;30;33;38;40;45;48,
c289,0;2;6;21;22;23;25;32;34;35;42;45;46;49,
c290,0;2;6;21;22;23;25;32;34;35;42;45;46;49,
c291,0;9;15;21;23;36;45,
c292,0;8;9;11;15;21;23;36;39;43;45,
c293,0;2;3;5;14;16;20;21;22;23;25;26;30;33;38;40;45;48,
c294,0;2;21;22;23;25;45,
c295,0;2;3;5;14;16;20;21;22;23;25;26;30;33;38;40;45;48,
c296,0;2;6;21;22;23;25;32;34;35;42;45;46;49,
c297,0;2;3;5;14;16;20;21;22;23;25;26;30;33;38;40;45;48,
c298,0;1;2;5;20;21;22;23;24;25;27;28;29;38;40;45;47;48,
c299,0;8;9;11;15;21;23;36;39;43;45,
c300,0;2;6;21;22;23;25;32;34;35;42;45;46;49,
c301,0;2;6;21;22;23;25;32;34;35;42;45;46;49,
c302,0;8;9;11;15;21;23;36;39;43;45,
c303,0;2;3;5;14;16;20;21;22;23;25;26;30;33;38;40;45;48,
c304,0;2;3;5;14;16;20;21;22;23;25;26;30;33;38;40;45;48,
c305,0;8;9;11;15;21;23;36;39;43;45,
c306,0;2;21;22;23;25;45,
c307,0;8;9;11;15;21;23;36;39;43;45,
c308,0;2;3;5;14;16;20;21;22;23;25;26;30;33;38;40;45;48,
c309,0;8;9;11;15;21;23;36;39;43;45,
c310,0;8;9;11;15;21;23;36;39;43;45,
c311,0;4;10;12;18;21;23;31;37;41;45,
c312,0;8;9;11;15;21;23;36;39;43;45,
c313,0;2;3;5;14;16;20;21;22;23;25;26;30;33;38;40;45;48,
c314,0;2;3;5;14;16;20;21;22;23;25;26;30;33;38;40;45;48,
c315,0;8;9;11;15;21;23;36;39;43;45,
c316,0;2;6;21;22;23;25;32;34;35;42;45;46;49,
c317,0;2;6;21;22;23;25;32;34;35;42;45;46;49,
c318,0;2;3;5;14;16;20;21;22;23;25;26;30;33;38;40;45;48,
c319,0;4;10;12;18;21;23;31;37;41;45,
c320,0;2;6;7;13;17;19;21;22;23;25;32;34;35;42;44;45;46;49,
c321,0;8;9;11;15;21;23;36;39;43;45,
c322,0;9;15;21;23;36;45,
c323,0;8;9;11;15;21;23;36;39;43;45,
c324,0;2;3;5;14;16;20;21;22;23;25;26;30;33;38;40;45;48,
c325,0;2;21;22;23;25;45,
c326,0;1;2;5;20;21;22;23;24;25;27;28;29;38;40;45;47;48,
c327,0;2;6;21;22;23;25;32;34;35;42;45;46;49,
c328,0;2;5;20;21;22;23;25;38;40;45;48,
c329,0;2;6;21;22;23;25;32;34;35;42;45;46;49,
c330,0;8;9;11;15;21;23;36;39;43;45,
c331,0;2;6;21;22;23;25;32;34;35;42;45;46;49,
c332,0;9;15;21;23;36;45,
c333,0;2;6;21;22;23;25;32;34;35;42;45;46;49,
c334,0;8;9;11;15;21;23;36;39;43;45,
c335,0;2;21;22;23;25;45,
c336,0;21;23;45,
c337,0;8;9;11;15;21;23;36;39;43;45,
c338,0;2;6;21;22;23;25;32;34;35;42;45;46;49,
c339,0;21;23;45,
c340,0;2;6;21;22;23;25;32;34;35;42;45;46;49,
c341,0;8;9;11;15;21;23;36;39;43;45,
c342,0;2;21;22;23;25;45,
c343,0;1;2;5;20;21;22;23;24;25;27;28;29;38;40;45;47;48,
c344,0;4;10;12;18;21;23;31;37;41;45,
c345,0;2;21;22;23;25;45,
c346,0;2;21;22;23;25;45,
c347,0;2;3;5;14;16;20;21;22;23;25;26;30;33;38;40;45;48,
c348,0;2;3;5;14;16;20;21;22;23;25;26;30;33;38;40;45;48,
c349,0;8;9;11;15;21;23;36;39;43;45,
c350,0;8;9;11;15;21;23;36;39;43;45,
c351,0;1;2;5;20;21;22;23;24;25;27;28;29;38;40;45;47;48,
c352,0;2;21;22;23;25;45,
c353,0;1;2;5;20;21;22;23;24;25;27;28;29;38;40;45;47;48,
c354,0;4;10;12;18;21;23;31;37;41;45,
c355,0;8;9;11;15;21;23;36;39;43;45,
c356,0;8;9;11;15;21;23;36;39;43;45,
c357,0;8;9;11;15;21;23;36;39;43;45,
c358,0;8;9;11;15;21;23;36;39;43;45,
c359,0;4;10;12;18;21;23;31;37;41;45,
c360,0;4;10;12;18;21;23;31;37;41;45,
c361,0;2;6;7;13;17;19;21;22;23;25;32;34;35;42;44;45;46;49,
c362,0;8;9;11;15;21;23;36;39;43;45,
c363,0;2;21;22;23;25;45,
c364,0;8;9;11;15;21;23;36;39;43;45,
c365,0;2;6;21;22;23;25;32;34;35;42;45;46;49,
c366,0;21;23;45,
c367,0;2;6;21;22;23;25;32;34;35;42;45;46;49,
c368,0;2;5;20;21;22;23;25;38;40;45;48,
c369,0;2;3;5;14;16;20;21;22;23;25;26;30;33;38;40;45;48,
c370,0;2;3;5;14;16;20;21;22;23;25;26;30;33;38;40;45;48,
c371,0;9;15;21;23;36;45,
c372,0;21;23;45,
c373,0;8;9;11;15;21;23;36;39;43;45,
c374,0;2;6;7;13;17;19;21;22;23;25;32;34;35;42;44;45;46;49,
c375,0;8;9;11;15;21;23;36;39;43;45,
c376,0;4;10;12;18;21;23;31;37;41;45,
c377,0;4;10;12;18;21;23;31;37;41;45,
c378,0;2;3;5;14;16;20;21;22;23;25;26;30;33;38;40;45;48,
c379,0;9;15;21;23;36;45,
c380,0;2;6;21;22;23;25;32;34;35;42;45;46;49,
c381,0;4;10;12;18;21;23;31;37;41;45,
c382,0;9;15;21;23;36;45,
c383,0;1;2;5;20;21;22;23;24;25;27;28;29;38;40;45;47;48,
c384,0;2;3;5;14;16;20;21;22;23;25;26;30;33;38;40;45;48,
c385,0;8;9;11;15;21;23;36;39;43;45,
c386,0;1;2;5;20;21;22;23;24;25;27;28;29;38;40;45;47;48,
c387,0;8;9;11;15;21;23;36;39;43;45,
c388,0;9;15;21;23;36;45,
c389,0;2;21;22;23;25;45,
c390,0;2;21;22;23;25;45,
c391,0;21;23;45,
c392,0;8;9;11;15;21;23;36;39;43;45,
c393,0;2;6;7;13;17;19;21;22;23;25;32;34;35;42;44;45;46;49,
c394,0;2;6;21;22;23;25;32;34;35;42;45;46;49,
c395,0;2;3;5;14;16;20;21;22;23;25;26;30;33;38;40;45;48,
c396,0;2;3;5;14;16;20;21;22;23;25;26;30;33;38;40;45;48,
c397,0;4;10;12;18;21;23;31;37;41;45,
c398,0;8;9;11;15;21;23;36;39;43;45,
c399,0;8;9;11;15;21;23;36;39;43;45,
c400,0;21;23;45,
c401,0;8;9;11;15;21;23;36;39;43;45,
c402,0;2;21;22;23;25;45,
c403,0;4;10;12;18;21;23;31;37;41;45,
c404,0;4;10;12;18;21;23;31;37;41;45,
c405,0;2;21;22;23;25;45,
c406,0;8;9;11;15;21;23;36;39;43;45,
c407,0;2;6;21;22;23;25;32;34;35;42;45;46;49,
c408,0;8;9;11;15;21;23;36;39;43;45,
c409,0;2;6;21;22;23;25;32;34;35;42;45;46;49,
c410,0;8;9;11;15;21;23;36;39;43;45,
c411,0;2;6;21;22;23;25;32;34;35;42;45;46;49,
c412,0;2;6;7;13;17;19;21;22;23;25;32;34;35;42;44;45;46;49,
c413,0;2;21;22;23;25;45,
c414,0;8;9;11;15;21;23;36;39;43;45,
c415,0;1;2;5;20;21;22;23;24;25;27;28;29;38;40;45;47;48,
c416,0;8;9;11;15;21;23;36;39;43;45,
c417,0;9;15;21;23;36;45,
c418,0;9;15;21;23;36;45,
c419,0;2;21;22;23;25;45,
c420,0;9;15;21;23;36;45,
c421,0;8;9;11;15;21;23;36;39;43;45,
c422,0;8;9;11;15;21;23;36;39;43;45,
c423,0;2;21;22;23;25;45,
c424,0;2;6;21;22;23;25;32;34;35;42;45;46;49,
c425,0;8;9;11;15;21;23;36;39;43;45,
c426,0;8;9;11;15;21;23;36;39;43;45,
c427,0;2;5;20;21;22;23;25;38;40;45;48,
c428,0;2;3;5;14;16;20;21;22;23;25;26;30;33;38;40;45;48,
c429,0;2;3;5;14;16;20;21;22;23;25;26;30;33;38;40;45;48,
c430,0;2;6;21;22;23;25;32;34;35;42;45;46;49,
c431,0;1;2;5;20;21;22;23;24;25;27;28;29;38;40;45;47;48,
c432,0;2;3;5;14;16;20;21;22;23;25;26;30;33;38;40;45;48,
c433,0;2;3;5;14;16;20;21;22;23;25;26;30;33;38;40;45;48,
c434,0;8;9;11;15;21;23;36;39;43;45,
c435,0;2;3;5;14;16;20;21;22;23;25;26;30;33;38;40;45;48,
c436,0;8;9;11;15;21;23;36;39;43;45,
c437,0;2;3;5;14;16;20;21;22;23;25;26;30;33;38;40;45;48,
c438,0;4;10;12;18;21;23;31;37;41;45,
c439,0;2;3;5;14;16;20;21;22;23;25;26;30;33;38;40;45;48,
c440,0;2;6;21;22;23;25;32;34;35;42;45;46;49,
c441,0;2;6;21;22;23;25;32;34;35;42;45;46;49,
c442,0;2;6;21;22;23;25;32;34;35;42;45;46;49,
c443,0;2;21;22;23;25;45,
c444,0;8;9;11;15;21;23;36;39;43;45,
c445,0;8;9;11;15;21;23;36;39;43;45,
c446,0;8;9;11;15;21;23;36;39;43;45,
c447,0;2;6;7;13;17;19;21;22;23;25;32;34;35;42;44;45;46;49,
c448,0;8;9;11;15;21;23;36;39;43;45,
c449,0;1;2;5;20;21;22;23;24;25;27;28;29;38;40;45;47;48,
c450,0;9;15;21;23;36;45,
c451,0;9;15;21;23;36;45,
c452,0;9;15;21;23;36;45,
c453,0;8;9;11;15;21;23;36;39;43;45,
c454,0;2;3;5;14;16;20;21;22;23;25;26;30;33;38;40;45;48,
c455,0;21;23;45,
c456,0;21;23;45,
c457,0;9;15;21;23;36;45,
c458,0;2;6;21;22;23;25;32;34;35;42;45;46;49,
c459,0;2;3;5;14;16;20;21;22;23;25;26;30;33;38;40;45;48,
c460,0;2;3;5;14;16;20;21;22;23;25;26;30;33;38;40;45;48,
c461,0;2;3;5;14;16;20;21;22;23;25;26;30;33;38;40;45;48,
c462,0;21;23;45,
c463,0;1;2;5;20;21;22;23;24;25;27;28;29;38;40;45;47;48,
c464,0;8;9;11;15;21;23;36;39;43;45,
c465,0;2;3;5;14;16;20;21;22;23;25;26;30;33;38;40;45;48,
c466,0;8;9;11;15;21;23;36;39;43;45,
c467,0;4;10;12;18;21;23;31;37;41;45,
c468,0;8;9;11;15;21;23;36;39;43;45,
c469,0;8;9;11;15;21;23;36;39;43;45,
c470,0;9;15;21;23;36;45,
c471,0;1;2;5;20;21;22;23;24;25;27;28;29;38;40;45;47;48,
c472,0;2;6;21;22;23;25;32;34;35;42;45;46;49,
c473,0;9;15;21;23;36;45,
c474,0;21;23;45,
c475,0;2;6;21;22;23;25;32;34;35;42;45;46;49,
c476,0;2;5;20;21;22;23;25;38;40;45;48,
c477,0;4;10;12;18;21;23;31;37;41;45,
c478,0;2;21;22;23;25;45,
c479,0;8;9;11;15;21;23;36;39;43;45,
c480,0;2;6;21;22;23;25;32;34;35;42;45;46;49,
c481,0;2;6;21;22;23;25;32;34;35;42;45;46;49,
c482,0;8;9;11;15;21;23;36;39;43;45,
c483,0;8;9;11;15;21;23;36;39;43;45,
c484,0;2;6;7;13;17;19;21;22;23;25;32;34;35;42;44;45;46;49,
c485,0;2;5;20;21;22;23;25;38;40;45;48,
c486,0;9;15;21;23;36;45,
c487,0;9;15;21;23;36;45,
c488,0;2;6;21;22;23;25;32;34;35;42;45;46;49,
c489,0;2;3;5;14;16;20;21;22;23;25;26;30;33;38;40;45;48,
c490,0;2;6;21;22;23;25;32;34;35;42;45;46;49,
c491,0;4;10;12;18;21;23;31;37;41;45,
c492,0;2;21;22;23;25;45,
c493,0;2;21;22;23;25;45,
c494,0;8;9;11;15;21;23;36;39;43;45,
c495,0;1;2;5;20;21;22;23;24;25;27;28;29;38;40;45;47;48,
c496,0;2;6;21;22;23;25;32;34;35;42;45;46;49,
c497,0;2;3;5;14;16;20;21;22;23;25;26;30;33;38;40;45;48,
c498,0;1;2;5;20;21;22;23;24;25;27;28;29;38;40;45;47;48,
c499,0;2;6;7;13;17;19;21;22;23;25;32;34;35;42;44;45;46;49,
c500,0;21;23;45,
