"cell_id"	"var0"	"var1"	"var2"	"var3"	"var4"	"var5"	"var6"	"var7"	"var8"	"var9"
"c1"	2	1	0	1	0	3	2	0	0	3
"c2"	2	0	3	1	0	3	0	1	0	0
"c3"	2	0	0	0	0	0	0	3	0	0
"c4"	2	0	0	1	0	2	0	2	0	0
"c5"	2	0	0	1	0	3	0	1	0	0
"c6"	2	0	0	2	0	3	2	0	0	0
"c7"	2	0	0	3	0	0	0	0	0	0
"c8"	3	0	1	1	0	2	2	0	0	2
"c9"	2	0	1	1	3	2	2	0	0	3
"c10"	2	0	0	2	0	2	0	0	0	0
"c11"	2	0	0	2	0	0	0	0	0	0
"c12"	2	3	0	2	0	2	2	0	0	0
"c13"	2	0	0	3	0	2	2	0	0	0
"c14"	2	0	0	1	0	2	2	3	3	2
"c15"	2	0	0	0	0	0	0	0	0	0
"c16"	2	0	0	1	3	2	0	1	0	0
"c17"	2	0	0	1	0	0	0	0	0	0
"c18"	2	0	0	2	2	2	0	1	0	0
"c19"	2	3	1	0	3	3	3	0	0	0
"c20"	2	1	0	1	0	2	2	0	0	0
"c21"	2	0	3	1	0	2	0	0	0	0
"c22"	2	0	1	1	3	2	2	0	0	0
"c23"	2	0	3	0	0	2	0	0	0	0
"c24"	2	0	1	1	3	2	2	0	3	2
"c25"	2	0	1	1	0	2	2	0	3	2
"c26"	2	0	0	2	3	3	0	0	0	0
"c27"	2	0	0	2	0	2	0	0	0	0
"c28"	2	3	0	1	0	2	0	0	0	0
"c29"	2	0	0	2	0	2	0	2	0	0
"c30"	2	0	3	1	3	2	2	0	0	2
"c31"	2	0	0	1	0	3	2	0	3	2
"c32"	2	0	1	2	0	2	2	0	0	0
"c33"	2	0	0	1	0	2	2	0	0	2
"c34"	2	0	0	0	0	2	0	0	0	0
"c35"	2	0	0	1	0	3	2	0	0	2
"c36"	2	0	3	2	3	2	0	0	0	0
"c37"	2	0	2	1	3	2	2	0	0	3
"c38"	2	2	0	3	0	3	2	0	0	0
"c39"	2	0	0	1	3	3	1	0	1	1
"c40"	2	0	0	1	0	2	0	3	0	0
"c41"	2	0	0	1	0	3	2	0	0	3
"c42"	2	0	0	1	0	1	0	1	0	0
"c43"	2	0	2	1	0	3	3	0	0	2
"c44"	2	0	0	0	0	0	0	0	0	0
"c45"	2	0	0	3	0	2	0	1	0	0
"c46"	2	1	0	1	0	2	2	0	0	3
"c47"	2	0	0	2	0	2	2	0	0	0
"c48"	2	0	0	1	0	0	0	3	0	0
"c49"	2	3	0	0	0	0	3	0	0	0
"c50"	2	0	0	0	0	2	0	0	0	3
"c51"	2	0	2	2	0	2	2	0	0	2
"c52"	2	0	1	1	0	3	2	0	0	0
"c53"	3	0	2	1	0	2	2	3	0	2
"c54"	2	0	0	0	0	2	0	0	0	0
"c55"	2	0	0	0	0	0	0	0	0	0
"c56"	2	0	0	2	1	2	0	1	0	0
"c57"	2	0	0	0	0	0	0	0	0	0
"c58"	2	0	0	2	0	0	0	0	0	0
"c59"	2	0	0	2	0	2	3	0	0	0
"c60"	2	0	0	0	0	0	0	0	0	0
"c61"	2	0	1	1	3	3	2	0	0	0
"c62"	2	0	3	1	0	2	3	0	0	0
"c63"	2	0	3	2	0	2	0	1	0	0
"c64"	2	0	0	3	0	3	0	1	0	0
"c65"	2	0	0	1	3	2	0	1	0	0
"c66"	2	0	0	1	0	2	2	0	0	0
"c67"	2	0	0	1	0	1	0	0	0	0
"c68"	2	0	0	1	0	2	2	0	0	2
"c69"	2	0	0	1	0	2	0	0	0	0
"c70"	3	1	0	0	3	2	2	0	0	3
"c71"	2	0	0	3	0	0	0	0	1	0
"c72"	2	0	0	1	0	2	2	0	0	0
"c73"	2	0	0	0	0	0	0	0	0	0
"c74"	2	0	2	1	3	3	2	0	0	0
"c75"	2	0	0	1	3	2	0	1	0	0
"c76"	2	0	3	1	0	2	2	0	0	2
"c77"	2	1	0	1	0	2	2	0	0	0
"c78"	2	3	0	1	0	2	2	0	0	0
"c79"	2	0	1	1	3	3	2	1	0	0
"c80"	2	0	0	1	0	0	0	0	1	0
"c81"	2	0	0	1	0	2	0	2	0	0
"c82"	2	0	0	1	0	2	1	1	0	1
"c83"	2	0	0	1	0	2	0	1	0	0
"c84"	2	0	0	1	0	3	0	1	0	0
"c85"	3	0	0	2	0	2	0	2	0	0
"c86"	2	0	1	1	0	2	1	0	0	1
"c87"	2	0	0	1	0	2	0	1	0	3
"c88"	2	0	0	1	0	3	0	0	0	0
"c89"	2	0	0	2	0	2	2	0	0	0
"c90"	2	0	0	1	0	2	2	0	0	0
"c91"	2	0	0	2	0	3	0	0	0	0
"c92"	2	0	0	1	0	2	0	2	0	0
"c93"	2	0	0	2	3	2	2	0	0	3
"c94"	2	0	0	0	0	0	0	0	0	0
"c95"	2	0	3	0	0	2	2	0	0	0
"c96"	2	0	0	0	0	0	0	0	0	0
"c97"	2	0	0	0	0	0	0	0	0	0
"c98"	2	1	1	1	0	2	2	0	0	2
"c99"	2	0	0	1	0	2	0	1	3	0
"c100"	2	0	0	1	0	0	0	0	0	0
"c101"	2	0	0	1	0	2	0	0	0	0
"c102"	2	0	1	1	0	2	2	0	0	0
"c103"	2	0	2	2	0	2	2	0	0	2
"c104"	2	0	0	1	0	2	2	3	0	0
"c105"	3	0	0	1	0	2	0	1	0	0
"c106"	2	0	0	0	0	0	0	0	0	0
"c107"	2	0	0	1	0	2	0	0	0	0
"c108"	2	3	0	2	0	2	0	1	0	0
"c109"	2	0	0	1	0	2	0	0	0	0
"c110"	2	0	0	2	0	3	2	0	0	0
"c111"	2	0	0	0	0	0	0	0	0	0
"c112"	2	0	0	1	0	2	0	2	0	0
"c113"	2	3	0	1	0	0	0	0	1	0
"c114"	2	0	0	1	0	3	0	0	0	0
"c115"	2	3	3	1	0	3	0	2	0	0
"c116"	2	0	1	0	0	3	2	0	0	2
"c117"	2	0	1	1	0	0	2	0	0	1
"c118"	2	0	0	1	3	2	2	0	0	3
"c119"	2	0	0	1	0	0	0	3	2	0
"c120"	2	0	1	1	3	2	2	0	0	2
"c121"	2	0	3	0	0	2	0	1	0	0
"c122"	2	0	0	1	0	2	0	1	0	0
"c123"	2	0	0	3	0	2	3	0	0	0
"c124"	2	1	0	0	0	2	2	0	0	0
"c125"	2	1	1	0	0	3	2	0	3	0
"c126"	2	0	3	1	0	3	0	0	0	0
"c127"	2	0	0	1	0	2	0	3	0	0
"c128"	2	0	1	0	3	2	2	0	0	2
"c129"	2	1	0	2	3	3	2	0	0	0
"c130"	2	0	0	1	3	2	0	1	0	0
"c131"	3	0	3	1	0	2	0	0	0	0
"c132"	2	0	1	1	0	2	3	0	0	3
"c133"	3	0	0	0	0	0	0	0	0	0
"c134"	3	1	0	1	0	2	2	0	0	3
"c135"	2	0	3	2	0	2	0	3	0	0
"c136"	2	0	0	1	0	2	1	1	0	1
"c137"	3	0	1	3	0	2	2	0	0	0
"c138"	2	0	0	1	0	2	0	1	0	0
"c139"	2	0	0	1	0	3	0	1	0	0
"c140"	2	0	0	0	0	2	0	1	0	0
"c141"	2	0	0	0	0	2	0	2	0	0
"c142"	2	0	1	1	3	3	2	3	0	2
"c143"	2	0	0	1	3	2	0	2	0	0
"c144"	2	0	1	0	0	2	2	0	0	0
"c145"	2	0	1	1	0	2	2	0	0	2
"c146"	2	3	0	1	0	2	2	0	0	0
"c147"	2	0	2	1	3	2	2	0	0	3
"c148"	2	2	0	0	0	2	2	0	0	0
"c149"	2	0	0	1	0	3	2	0	0	3
"c150"	2	0	0	1	0	3	0	0	0	0
"c151"	2	0	0	1	0	3	0	1	0	0
"c152"	2	0	0	1	0	2	2	0	0	0
"c153"	2	0	1	0	0	3	2	0	0	0
"c154"	2	0	1	0	0	2	2	0	0	2
"c155"	2	0	2	0	0	2	2	0	0	2
"c156"	2	0	0	0	0	3	2	0	0	0
"c157"	2	3	0	1	0	3	2	0	0	0
"c158"	2	0	3	1	0	2	0	0	0	0
"c159"	2	0	0	3	0	2	0	0	0	0
"c160"	2	0	0	1	0	2	2	0	0	2
"c161"	2	0	1	1	0	3	1	1	0	1
"c162"	2	0	0	0	0	0	0	0	0	0
"c163"	2	0	3	2	0	3	0	1	0	0
"c164"	2	0	0	1	0	2	0	0	0	0
"c165"	2	0	0	1	0	2	0	0	0	0
"c166"	2	1	0	0	0	2	2	0	0	0
"c167"	2	0	0	0	0	1	1	0	0	0
"c168"	2	0	0	1	0	3	2	0	0	0
"c169"	3	0	1	1	0	3	2	0	0	3
"c170"	2	0	3	0	0	2	0	2	0	3
"c171"	2	0	0	1	0	2	1	1	0	0
"c172"	2	0	0	2	0	2	0	1	0	0
"c173"	2	0	3	1	0	2	2	0	0	2
"c174"	2	0	0	2	0	2	0	0	0	0
"c175"	2	0	0	1	0	3	2	0	0	0
"c176"	2	0	0	1	0	3	3	0	0	0
"c177"	3	0	0	2	1	2	0	2	0	0
"c178"	2	0	0	1	0	2	2	3	0	0
"c179"	2	0	3	0	0	0	0	0	0	3
"c180"	2	2	0	1	0	2	2	0	0	3
"c181"	2	0	1	2	3	3	2	0	0	3
"c182"	2	0	0	1	0	2	0	3	3	0
"c183"	2	1	0	1	0	2	2	0	0	0
"c184"	2	1	0	1	0	2	1	1	0	0
"c185"	2	0	3	1	0	2	2	0	3	3
"c186"	2	0	0	2	0	2	0	2	0	0
"c187"	3	0	0	1	0	2	0	0	0	0
"c188"	2	0	3	1	0	2	0	0	0	0
"c189"	3	0	3	0	0	0	0	0	0	0
"c190"	2	0	1	0	0	2	1	0	0	1
"c191"	2	0	0	1	3	2	2	0	0	2
"c192"	2	1	0	0	0	3	2	0	0	0
"c193"	2	1	0	1	0	2	2	0	0	0
"c194"	2	0	0	1	0	2	0	1	0	0
"c195"	2	0	1	2	0	2	2	0	0	3
"c196"	2	0	1	1	0	2	2	0	0	2
"c197"	3	0	3	3	0	2	0	0	0	0
"c198"	2	0	0	1	0	2	2	0	0	0
"c199"	2	0	1	1	3	2	2	0	0	3
"c200"	2	0	0	1	0	2	2	0	0	0
"c201"	2	0	0	0	0	0	0	0	0	0
"c202"	2	0	0	1	1	2	0	0	3	0
"c203"	2	0	0	1	0	0	0	0	0	0
"c204"	2	0	0	3	0	2	0	0	0	0
"c205"	2	0	0	2	0	2	0	1	0	0
"c206"	2	0	0	2	3	2	0	0	0	0
"c207"	2	0	0	1	0	1	1	0	0	0
"c208"	2	0	3	3	1	2	3	1	0	0
"c209"	2	2	0	0	3	2	2	0	0	0
"c210"	2	0	0	1	0	0	0	3	0	0
"c211"	2	0	0	1	0	0	0	0	0	0
"c212"	3	0	2	0	0	2	2	0	0	3
"c213"	2	2	0	1	0	2	2	0	0	3
"c214"	2	0	0	2	0	3	2	0	0	0
"c215"	3	0	0	1	0	3	2	0	0	2
"c216"	2	0	0	0	0	0	0	3	1	0
"c217"	2	0	0	1	0	2	0	1	0	3
"c218"	2	0	3	1	0	2	0	1	3	0
"c219"	2	0	0	1	0	1	1	0	0	1
"c220"	2	0	1	1	0	3	2	0	0	1
"c221"	2	3	2	0	3	2	2	0	0	2
"c222"	2	0	2	1	0	2	2	0	0	2
"c223"	2	3	0	1	0	2	0	0	0	0
"c224"	2	0	0	2	0	2	0	1	0	0
"c225"	2	0	0	0	0	0	0	0	0	0
"c226"	2	0	0	1	0	2	2	0	3	0
"c227"	2	0	0	0	0	3	2	0	0	2
"c228"	2	0	0	1	0	3	3	0	0	0
"c229"	2	0	0	1	0	2	3	1	0	0
"c230"	2	0	0	1	0	2	1	0	0	0
"c231"	2	3	0	0	0	1	0	0	0	0
"c232"	2	0	1	1	0	3	2	0	0	1
"c233"	2	0	0	2	0	2	2	3	0	0
"c234"	2	0	0	0	0	0	0	0	0	0
"c235"	2	0	0	1	0	2	0	1	0	0
"c236"	2	0	0	0	0	0	0	0	0	0
"c237"	2	0	2	0	0	2	2	0	0	2
"c238"	2	0	0	1	1	2	0	2	0	0
"c239"	2	0	1	1	0	2	3	3	0	3
"c240"	2	0	3	1	0	2	0	0	0	0
"c241"	2	1	0	1	0	2	2	0	0	0
"c242"	2	0	0	1	0	0	0	0	0	0
"c243"	2	0	1	1	0	2	2	0	0	2
"c244"	3	0	0	0	0	2	0	1	0	0
"c245"	2	0	0	2	0	2	0	2	0	0
"c246"	2	2	0	2	0	3	2	0	3	3
"c247"	2	0	0	0	0	0	0	0	0	0
"c248"	2	0	0	1	0	0	0	0	0	0
"c249"	2	0	0	1	0	2	0	0	0	0
"c250"	2	0	0	0	0	2	0	0	0	0
"c251"	3	2	0	1	0	2	2	0	0	0
"c252"	2	0	1	1	0	2	1	0	0	0
"c253"	2	0	0	0	0	2	2	0	0	3
"c254"	2	0	0	1	0	0	0	0	0	0
"c255"	2	0	0	0	0	2	0	1	0	0
"c256"	2	0	1	1	0	3	2	0	0	3
"c257"	2	0	0	2	0	2	0	1	0	0
"c258"	2	0	1	0	0	2	2	0	0	2
"c259"	2	0	0	1	0	2	2	0	0	2
"c260"	2	0	0	1	0	2	1	1	0	0
"c261"	2	0	0	1	0	2	0	1	0	0
"c262"	2	0	0	1	0	2	1	0	0	0
"c263"	2	0	0	2	0	1	0	2	0	3
"c264"	2	0	3	2	0	2	2	0	0	3
"c265"	2	0	0	1	0	2	0	1	0	0
"c266"	2	0	1	0	0	3	2	3	0	0
"c267"	2	0	3	0	0	2	0	1	0	0
"c268"	2	1	0	1	0	2	2	0	0	0
"c269"	2	0	0	1	0	0	0	0	0	0
"c270"	2	0	0	1	1	2	0	2	0	0
"c271"	2	1	0	0	0	2	2	0	0	0
"c272"	2	0	0	1	0	2	2	0	0	3
"c273"	2	0	3	3	1	0	0	0	0	0
"c274"	2	0	0	1	0	2	0	0	0	0
"c275"	2	3	3	1	0	2	0	1	0	0
"c276"	2	3	1	1	0	1	2	0	0	0
"c277"	2	0	0	0	0	2	0	1	0	0
"c278"	2	0	0	1	0	3	0	0	0	0
"c279"	2	0	0	3	0	0	0	0	0	0
"c280"	2	0	1	1	0	3	1	0	0	0
"c281"	2	1	0	1	0	2	2	0	0	3
"c282"	2	3	0	1	0	2	0	1	0	0
"c283"	2	0	0	1	0	3	0	0	0	0
"c284"	2	0	1	0	0	2	2	0	1	2
"c285"	2	0	0	0	3	2	2	0	0	3
"c286"	2	1	0	1	0	2	2	0	0	0
"c287"	2	0	0	1	0	0	0	0	0	0
"c288"	2	0	0	1	0	2	2	0	0	3
"c289"	2	0	0	2	0	2	0	1	0	0
"c290"	2	0	0	1	0	2	1	1	0	0
"c291"	2	3	0	1	0	0	0	0	0	0
"c292"	2	0	0	2	0	2	2	0	0	0
"c293"	2	0	0	0	0	3	2	3	0	0
"c294"	2	0	1	1	0	3	2	0	0	2
"c295"	2	3	0	2	0	0	0	0	0	0
"c296"	2	0	3	2	0	2	2	0	0	2
"c297"	2	0	0	0	0	0	0	0	0	0
"c298"	2	0	0	1	1	2	3	0	0	0
"c299"	2	0	0	2	0	2	3	0	0	0
"c300"	2	0	1	2	0	3	2	0	0	2
"c301"	2	3	0	0	3	0	0	0	3	0
"c302"	2	0	0	1	1	3	0	1	0	0
"c303"	3	0	1	1	0	2	1	0	0	3
"c304"	2	0	3	3	0	2	0	3	0	0
"c305"	2	0	1	1	0	2	2	0	0	0
"c306"	3	0	0	3	0	2	2	0	0	2
"c307"	2	0	0	0	3	0	0	0	0	0
"c308"	3	0	1	0	0	2	2	0	0	3
"c309"	2	0	0	1	3	2	0	1	0	0
"c310"	2	0	2	2	0	2	2	0	0	0
"c311"	2	0	0	1	0	1	0	1	0	0
"c312"	2	0	0	2	0	2	0	1	0	0
"c313"	2	1	0	1	0	2	2	3	0	0
"c314"	2	0	2	0	0	2	2	0	0	0
"c315"	2	0	1	1	3	2	2	0	0	0
"c316"	2	0	0	0	0	0	0	0	0	0
"c317"	2	0	3	1	0	2	0	1	0	0
"c318"	2	3	1	1	0	2	2	0	0	3
"c319"	2	3	2	2	0	2	2	0	0	3
"c320"	3	0	3	0	0	2	3	0	0	0
"c321"	2	1	0	1	0	0	1	0	0	0
"c322"	3	0	0	3	0	2	0	2	0	0
"c323"	2	0	1	1	0	3	2	0	3	2
"c324"	2	0	0	0	0	3	0	0	0	0
"c325"	2	1	0	1	0	2	2	0	0	0
"c326"	2	0	0	1	0	2	2	0	0	0
"c327"	2	2	0	1	3	2	2	0	0	0
"c328"	2	0	1	1	0	2	1	1	0	0
"c329"	2	0	0	0	0	0	0	0	0	3
"c330"	2	0	0	0	0	0	0	0	0	0
"c331"	2	0	1	1	3	2	2	0	0	2
"c332"	2	0	3	2	0	2	0	1	0	0
"c333"	2	0	0	1	0	0	0	0	0	0
"c334"	2	0	0	0	0	0	0	3	0	0
"c335"	1	0	0	1	0	3	2	0	0	0
"c336"	2	0	3	0	0	0	0	0	0	0
"c337"	2	0	1	1	0	3	2	0	0	3
"c338"	2	0	0	1	0	3	3	0	0	0
"c339"	2	0	2	0	0	2	2	0	0	2
"c340"	2	0	0	1	3	0	0	0	0	0
"c341"	2	0	2	0	0	3	2	0	0	2
"c342"	2	0	1	2	0	2	2	0	0	3
"c343"	2	0	0	1	0	2	2	0	0	0
"c344"	2	0	0	0	0	2	0	2	0	0
"c345"	2	0	0	2	0	3	0	0	0	0
"c346"	2	3	0	0	0	2	2	0	0	0
"c347"	2	0	1	2	0	2	2	0	0	0
"c348"	2	0	0	1	0	2	0	0	0	0
"c349"	2	0	0	0	0	0	3	0	0	0
"c350"	2	0	0	1	0	0	0	0	0	0
"c351"	2	3	0	1	0	2	0	1	0	0
"c352"	2	0	1	1	0	2	2	0	0	3
"c353"	2	0	0	1	0	1	0	1	0	0
"c354"	2	0	0	3	0	2	0	2	0	0
"c355"	2	0	1	1	0	3	3	0	0	0
"c356"	2	0	0	1	0	3	0	1	0	0
"c357"	2	0	0	0	0	2	2	3	0	0
"c358"	2	0	1	1	3	2	2	0	0	0
"c359"	2	0	3	1	0	2	0	2	0	0
"c360"	2	0	2	0	0	2	2	0	0	0
"c361"	2	0	3	1	0	2	0	1	0	0
"c362"	2	0	0	0	0	0	0	0	0	0
"c363"	2	0	0	1	0	3	0	1	0	0
"c364"	2	0	1	1	0	2	2	0	0	2
"c365"	2	0	2	2	0	3	2	0	3	2
"c366"	2	0	0	0	0	0	0	0	0	0
"c367"	2	0	1	2	0	3	0	0	0	0
"c368"	2	0	0	0	0	0	3	0	0	0
"c369"	2	0	0	1	0	2	2	3	0	0
"c370"	2	0	0	0	0	3	0	1	0	0
"c371"	2	0	0	1	0	2	0	1	0	0
"c372"	2	0	0	0	0	3	0	0	3	0
"c373"	2	0	3	2	0	2	0	1	0	0
"c374"	2	0	0	0	0	0	0	0	0	0
"c375"	2	0	3	1	0	2	2	0	3	3
"c376"	2	0	1	1	0	2	2	0	0	2
"c377"	2	0	0	1	0	2	0	0	3	0
"c378"	2	0	0	1	3	2	2	0	0	2
"c379"	2	0	0	1	0	2	2	0	0	0
"c380"	3	0	0	0	0	2	0	0	0	0
"c381"	2	0	0	1	0	3	0	0	1	0
"c382"	2	0	0	1	0	0	0	0	3	0
"c383"	2	0	0	2	0	0	0	0	0	0
"c384"	2	0	1	0	0	2	2	0	0	0
"c385"	2	0	0	1	0	2	0	2	0	0
"c386"	2	0	0	2	0	3	0	0	0	0
"c387"	2	0	0	2	0	2	3	1	0	0
"c388"	2	0	0	1	0	3	2	0	0	3
"c389"	2	0	0	1	0	2	0	0	0	0
"c390"	2	0	0	0	0	3	0	0	0	0
"c391"	2	0	0	1	0	3	0	0	1	0
"c392"	2	0	3	0	3	2	2	0	0	0
"c393"	2	0	0	1	0	2	3	1	0	0
"c394"	2	0	1	1	0	2	0	1	0	0
"c395"	2	0	0	1	0	3	0	0	0	0
"c396"	2	0	3	0	1	2	0	3	0	0
"c397"	2	2	0	1	3	2	2	0	0	0
"c398"	2	0	0	1	0	2	0	1	0	0
"c399"	2	3	3	1	0	2	2	0	0	3
"c400"	2	0	0	0	0	2	0	0	0	0
"c401"	2	0	1	1	0	3	2	0	0	2
"c402"	1	0	0	0	0	0	0	0	0	0
"c403"	2	0	0	1	0	2	0	2	0	0
"c404"	2	0	0	1	0	3	0	1	0	0
"c405"	2	0	0	2	0	2	2	0	0	3
"c406"	2	0	3	1	2	2	0	2	0	0
"c407"	2	0	2	1	3	2	2	0	0	2
"c408"	2	0	0	1	3	3	2	0	0	0
"c409"	2	0	1	2	3	2	3	0	0	2
"c410"	2	0	1	0	0	1	1	0	0	1
"c411"	2	1	0	2	0	2	2	0	0	3
"c412"	2	0	0	0	0	2	0	3	0	0
"c413"	2	0	2	0	0	2	2	0	0	2
"c414"	2	2	0	1	0	3	2	0	0	0
"c415"	2	0	0	1	0	0	0	0	0	0
"c416"	2	1	0	1	0	2	2	0	0	0
"c417"	2	0	1	1	0	2	1	1	0	0
"c418"	2	0	0	0	0	3	0	2	0	0
"c419"	2	0	0	1	0	2	2	0	0	0
"c420"	2	0	1	1	0	2	2	0	0	3
"c421"	2	0	1	1	0	3	2	0	0	2
"c422"	2	0	0	0	0	3	2	0	0	0
"c423"	2	0	0	0	0	2	0	3	0	0
"c424"	2	2	0	2	0	3	2	0	0	0
"c425"	2	3	0	0	0	2	0	0	0	0
"c426"	2	0	1	1	0	2	2	0	0	3
"c427"	2	0	1	1	0	2	1	0	0	0
"c428"	2	0	0	0	1	2	0	1	0	0
"c429"	2	0	1	1	3	2	2	0	0	2
"c430"	2	0	0	1	0	2	0	1	0	0
"c431"	2	0	0	3	0	0	3	0	0	0
"c432"	2	0	0	1	0	2	2	3	0	0
"c433"	2	0	0	2	0	0	0	0	0	0
"c434"	2	0	0	0	0	0	0	3	0	0
"c435"	2	3	3	1	0	2	0	1	0	0
"c436"	2	0	2	0	0	2	2	0	0	3
"c437"	2	0	0	0	0	2	0	1	0	0
"c438"	2	3	1	1	0	2	2	0	0	3
"c439"	2	0	3	1	1	2	0	0	0	0
"c440"	2	0	1	1	3	2	2	0	0	0
"c441"	2	0	0	2	0	2	0	1	0	0
"c442"	2	1	3	1	0	2	2	0	0	3
"c443"	2	0	1	2	0	2	2	0	0	1
"c444"	2	0	0	0	0	0	0	0	0	0
"c445"	2	3	0	1	0	2	0	1	0	0
"c446"	2	0	0	0	0	0	0	0	0	0
"c447"	2	0	0	0	0	2	0	1	0	0
"c448"	2	0	1	2	3	2	1	1	0	1
"c449"	2	0	1	1	0	2	2	0	0	2
"c450"	2	0	1	1	0	3	2	0	0	0
"c451"	2	0	1	1	0	2	2	0	0	2
"c452"	2	0	0	1	0	2	2	0	0	3
"c453"	2	0	1	2	0	2	1	1	0	1
"c454"	2	0	0	1	0	2	0	0	0	0
"c455"	2	0	0	0	2	2	0	1	0	0
"c456"	3	1	0	2	0	2	2	0	0	3
"c457"	2	0	0	1	0	3	0	0	0	0
"c458"	2	0	0	1	3	3	2	0	0	2
"c459"	2	0	0	0	0	2	0	1	0	3
"c460"	2	0	0	1	0	3	0	0	0	0
"c461"	3	0	0	1	0	2	0	0	3	0
"c462"	2	0	2	2	0	3	2	0	0	3
"c463"	2	3	3	1	0	3	0	1	0	0
"c464"	2	0	3	1	3	2	2	0	0	3
"c465"	2	1	0	1	0	2	2	0	0	3
"c466"	2	0	0	2	3	3	0	1	0	0
"c467"	2	0	0	0	0	1	0	1	0	0
"c468"	2	0	0	2	0	3	0	0	0	0
"c469"	2	0	0	1	0	2	2	0	0	3
"c470"	2	0	0	3	0	2	0	0	0	0
"c471"	2	0	0	1	0	0	0	1	0	0
"c472"	2	0	0	1	0	2	0	2	0	0
"c473"	2	0	0	1	0	2	2	0	0	2
"c474"	2	0	0	0	0	0	0	0	0	0
"c475"	2	0	3	1	0	2	3	1	0	0
"c476"	2	0	0	1	0	2	1	0	0	0
"c477"	2	0	1	2	3	3	2	0	0	2
"c478"	2	0	0	0	0	2	0	0	0	0
"c479"	2	0	1	0	3	0	0	0	0	3
"c480"	2	0	1	0	3	2	2	1	0	0
"c481"	2	2	0	1	0	3	2	0	0	0
"c482"	2	0	2	1	0	2	2	0	0	2
"c483"	2	2	0	0	0	2	2	0	3	0
"c484"	2	0	1	1	0	2	2	0	0	0
"c485"	2	0	3	0	0	3	0	0	0	0
"c486"	2	0	0	2	0	2	0	2	0	0
"c487"	2	0	0	1	0	3	0	0	0	0
"c488"	2	2	0	1	0	2	2	0	0	0
"c489"	2	0	0	1	0	2	2	0	0	2
"c490"	2	0	0	0	0	0	0	0	0	0
"c491"	3	0	0	1	0	3	0	0	0	0
"c492"	2	0	0	0	0	0	0	0	0	0
"c493"	2	1	0	0	0	2	2	0	0	0
"c494"	2	0	0	2	0	3	0	0	0	0
"c495"	2	0	3	1	0	2	0	2	0	0
"c496"	2	0	0	0	0	0	0	0	0	0
"c497"	2	0	0	1	0	2	2	0	0	0
"c498"	2	0	0	1	3	2	0	0	0	0
"c499"	2	0	0	1	0	2	0	1	0	0
"c500"	3	0	1	2	0	3	2	0	0	3
